answer_id,assessment_id,category_id,indicator_id,mode_id,rating,Created
DH0uQmFbS2qy9ZhF-H5TaA,xAhfbiPMvauHmrFu8IsP,2,10,1,4,"10/4/2025, 8:15:03 p. m."
LapgMyW9RsKUgwiXmavvqA,xAhfbiPMvauHmrFu8IsP,2,12,1,4,"10/4/2025, 8:16:28 p. m."
kgJcC.fBTp2ytW1oQABKzg,xAhfbiPMvauHmrFu8IsP,2,11,1,4,"10/4/2025, 8:16:23 p. m."
yK3LAv06QPaCZ11olnCsmg,xAhfbiPMvauHmrFu8IsP,2,13,1,4,"10/4/2025, 8:16:34 p. m."
Gpkb.zDTSm-2DV6dcsUNtw,xAhfbiPMvauHmrFu8IsP,2,14,1,4,"10/4/2025, 8:16:36 p. m."
a-BobFFFFQP2.b7YbrFmIiQ,xAhfbiPMvauHmrFu8IsP,2,15,1,4,"10/4/2025, 8:16:41 p. m."
Wu32jGaxQ1iaKT87hMAqdQ,xAhfbiPMvauHmrFu8IsP,2,16,1,4,"10/4/2025, 8:16:43 p. m."
st-L5UGgQKaGx2ySaRFXlg,xAhfbiPMvauHmrFu8IsP,2,17,1,3,"10/4/2025, 8:16:44 p. m."
9W44z-WzS4WL1sGjxJJHMw,xAhfbiPMvauHmrFu8IsP,2,18,1,3,"10/4/2025, 8:16:46 p. m."
c9jxU-gSQIC6bYnAnqTetA,xAhfbiPMvauHmrFu8IsP,2,19,1,3,"10/4/2025, 8:16:49 p. m."
RIklPnHgTjqEoDe4sfBsMw,xAhfbiPMvauHmrFu8IsP,2,10,2,4,"10/4/2025, 8:16:51 p. m."
UdLBJpnwQxO6LSCHeO5HkA,xAhfbiPMvauHmrFu8IsP,2,11,2,4,"10/4/2025, 8:16:53 p. m."
W1qQtNdiRaGs7qQvN5yY5w,xAhfbiPMvauHmrFu8IsP,2,12,2,3,"10/4/2025, 8:16:57 p. m."
sMw9HbCxQRWpr0hI2s353g,xAhfbiPMvauHmrFu8IsP,2,13,2,4,"10/4/2025, 8:17:00 p. m."
LukXAb83QqO2Vo4ohsb6MA,xAhfbiPMvauHmrFu8IsP,2,14,2,4,"10/4/2025, 8:17:01 p. m."
xZuOJztrQ0u2PpiYd8Ogwg,xAhfbiPMvauHmrFu8IsP,2,15,2,4,"10/4/2025, 8:17:02 p. m."
a-yZWCBAbQqGts14kQYcW6w,xAhfbiPMvauHmrFu8IsP,2,16,2,4,"10/4/2025, 8:17:03 p. m."
s6Dl9mNqRvy5SC9NHYb87A,xAhfbiPMvauHmrFu8IsP,2,17,2,3,"10/4/2025, 8:17:05 p. m."
aMqa694.RtWzI5GxkU3owQ,xAhfbiPMvauHmrFu8IsP,2,18,2,3,"10/4/2025, 8:17:07 p. m."
wLI0ZDCvT6a1bP3LWvbBqw,xAhfbiPMvauHmrFu8IsP,2,19,2,4,"10/4/2025, 8:17:09 p. m."
vnwCA3QtQFWfKRaso.xRAA,xAhfbiPMvauHmrFu8IsP,2,10,3,4,"10/4/2025, 8:17:11 p. m."
0cJAAme3QpezUwjbcITsiQ,xAhfbiPMvauHmrFu8IsP,2,11,3,4,"10/4/2025, 8:17:12 p. m."
W-GXZBcQTXCCoAnttBoPpQ,xAhfbiPMvauHmrFu8IsP,2,12,3,4,"10/4/2025, 8:17:14 p. m."
x6AHG1A7S0aPVWcUzBoc1Q,xAhfbiPMvauHmrFu8IsP,2,13,3,4,"10/4/2025, 8:17:16 p. m."
3juEnfIqSRi.fzK1Tu4J2A,xAhfbiPMvauHmrFu8IsP,2,14,3,4,"10/4/2025, 8:17:17 p. m."
bRGMqZ.rQYupmbmF3RjvRA,xAhfbiPMvauHmrFu8IsP,2,15,3,4,"10/4/2025, 8:17:19 p. m."
pSg2qhl7QnODjRkM9yLduQ,xAhfbiPMvauHmrFu8IsP,2,16,3,4,"10/4/2025, 8:17:20 p. m."
vmhO0fOiQn68iWzCVBlLkQ,xAhfbiPMvauHmrFu8IsP,2,17,3,3,"10/4/2025, 8:17:21 p. m."
lO76SaQKSaSw5rc2soc3qQ,xAhfbiPMvauHmrFu8IsP,2,18,3,3,"10/4/2025, 8:17:23 p. m."
9w5tHbWZSKmCsfL-05w2Wg,xAhfbiPMvauHmrFu8IsP,2,19,3,4,"10/4/2025, 8:17:24 p. m."
j-0HVuzeSQCA8EYzaTHExQ,xAhfbiPMvauHmrFu8IsP,2,10,4,4,"10/4/2025, 8:17:27 p. m."
8XvvagTwTb-vgmpyVV3fyQ,xAhfbiPMvauHmrFu8IsP,2,11,4,4,"10/4/2025, 8:17:28 p. m."
YIZKLJdeR5mAAq4RPxsh0w,xAhfbiPMvauHmrFu8IsP,2,12,4,4,"10/4/2025, 8:17:29 p. m."
JXjprqDpRrmwZYn.TBKhUA,xAhfbiPMvauHmrFu8IsP,2,13,4,4,"10/4/2025, 8:17:30 p. m."
cwyK.EfMTsmHAtesgmyf.g,xAhfbiPMvauHmrFu8IsP,2,14,4,4,"10/4/2025, 8:17:31 p. m."
vIgmrMnlRxK4aLCizTbA.w,xAhfbiPMvauHmrFu8IsP,2,15,4,4,"10/4/2025, 8:17:32 p. m."
60hGYUlcRNqpudHq44X5-w,xAhfbiPMvauHmrFu8IsP,2,16,4,4,"10/4/2025, 8:17:33 p. m."
ir1XHQWWSdCvNY9hzMHTPw,xAhfbiPMvauHmrFu8IsP,2,17,4,4,"10/4/2025, 8:17:34 p. m."
ITVa7.ftRbudgtRul6ZNmA,xAhfbiPMvauHmrFu8IsP,2,18,4,3,"10/4/2025, 8:17:36 p. m."
GHLcgCotQMywbNYVw1ZSlg,xAhfbiPMvauHmrFu8IsP,2,19,4,4,"10/4/2025, 8:17:38 p. m."
Z-voVWDUSWCwK8tAh0GvlA,xAhfbiPMvauHmrFu8IsP,3,20,1,4,"10/4/2025, 8:17:54 p. m."
ykemuOpxQa2UFz877iF.Cg,xAhfbiPMvauHmrFu8IsP,3,21,1,4,"10/4/2025, 8:17:56 p. m."
42HpJ3tATGW3tWY2KkHrng,xAhfbiPMvauHmrFu8IsP,3,22,1,4,"10/4/2025, 8:18:00 p. m."
h7eqDqxHST2Vrn2UyPdK0Q,xAhfbiPMvauHmrFu8IsP,3,23,1,4,"10/4/2025, 8:18:02 p. m."
ZDiNvp-jRqyMvGkMf3vSzQ,xAhfbiPMvauHmrFu8IsP,3,24,1,4,"10/4/2025, 8:18:07 p. m."
lzh4lo3.SHi8lz6DWj0A-Q,xAhfbiPMvauHmrFu8IsP,3,25,1,4,"10/4/2025, 8:18:08 p. m."
sdQyRkR4T0-ci6bTTYNNXw,xAhfbiPMvauHmrFu8IsP,3,20,2,4,"10/4/2025, 8:18:11 p. m."
0k22xrTxTBeY5vt9QRrAUg,xAhfbiPMvauHmrFu8IsP,3,21,2,4,"10/4/2025, 8:18:12 p. m."
sXJX28vLTTKNieiDuTdwgQ,xAhfbiPMvauHmrFu8IsP,3,23,2,3,"10/4/2025, 8:18:15 p. m."
wvxFLg.rQRK8tOn9HKqdIA,xAhfbiPMvauHmrFu8IsP,3,22,2,4,"10/4/2025, 8:18:13 p. m."
f5aHD489TiyQIcgxsMQbtQ,xAhfbiPMvauHmrFu8IsP,3,25,2,4,"10/4/2025, 8:18:18 p. m."
nM8zXYJDRhaxDMZyQ6sBRg,xAhfbiPMvauHmrFu8IsP,3,24,2,4,"10/4/2025, 8:18:17 p. m."
CA1UkbMZRdyxy4zSQvkkMw,xAhfbiPMvauHmrFu8IsP,3,20,3,4,"10/4/2025, 8:18:20 p. m."
HWAXHv51QxWbX1gcWrt.dQ,xAhfbiPMvauHmrFu8IsP,3,21,3,4,"10/4/2025, 8:18:21 p. m."
OIkkWriTRq-uRFMbuyxh7g,xAhfbiPMvauHmrFu8IsP,3,22,3,4,"10/4/2025, 8:18:22 p. m."
5PYHi.4ISpuNdUUh0H16Ag,xAhfbiPMvauHmrFu8IsP,3,23,3,3,"10/4/2025, 8:18:24 p. m."
v8NmSuF4TSafQGRMjZfrcA,xAhfbiPMvauHmrFu8IsP,3,25,3,4,"10/4/2025, 8:18:27 p. m."
BaNHuImxTJGyXCi.ZotWxw,xAhfbiPMvauHmrFu8IsP,3,24,3,4,"10/4/2025, 8:18:26 p. m."
q2EyUWbAQkCZPL-gkA1rtQ,xAhfbiPMvauHmrFu8IsP,3,20,4,4,"10/4/2025, 8:18:30 p. m."
14j2yhojT66cRXeSPzdH.g,xAhfbiPMvauHmrFu8IsP,3,21,4,4,"10/4/2025, 8:18:31 p. m."
WFuvath3TnqtFF3-ocLYYg,xAhfbiPMvauHmrFu8IsP,3,22,4,4,"10/4/2025, 8:18:32 p. m."
kPL89YIeTc2-lJZDDLwcew,xAhfbiPMvauHmrFu8IsP,3,24,4,4,"10/4/2025, 8:18:35 p. m."
e2THmfJQRBeWIdJM4DlktQ,xAhfbiPMvauHmrFu8IsP,3,23,4,4,"10/4/2025, 8:18:34 p. m."
PZdaLeraRfmM6VWnXMuI9A,xAhfbiPMvauHmrFu8IsP,3,25,4,4,"10/4/2025, 8:18:36 p. m."
qaBAtPcpTzGU8NLfWf2LlA,cCu2yIt0e3cT5kSIKf3c,1,3,1,2,"13/4/2025, 8:22:37 a. m."
cpOJGL8vRlOBDAGYMa17PQ,cCu2yIt0e3cT5kSIKf3c,1,1,1,4,"13/4/2025, 8:22:33 a. m."
15fp-mbAQYagV.nptnL7Nw,cCu2yIt0e3cT5kSIKf3c,1,2,1,4,"13/4/2025, 8:22:37 a. m."
OaXTNVp0Tqyb9EjGJPiANQ,cCu2yIt0e3cT5kSIKf3c,1,5,1,4,"13/4/2025, 8:22:38 a. m."
lWkD4LE5QIeiBiFNOoZzHw,cCu2yIt0e3cT5kSIKf3c,1,6,1,3,"13/4/2025, 8:22:38 a. m."
1I0PQEXNQ.arDkA.aJP7cw,cCu2yIt0e3cT5kSIKf3c,1,4,1,3,"13/4/2025, 8:22:38 a. m."
6z.5w0M-Su6DNMPPERA0.Q,cCu2yIt0e3cT5kSIKf3c,1,7,1,3,"13/4/2025, 8:22:38 a. m."
pqzZARsBRuePfxRUU7x8Qw,cCu2yIt0e3cT5kSIKf3c,1,8,1,4,"13/4/2025, 8:22:38 a. m."
EOMKKNjtRXeIl7U2ldxZow,cCu2yIt0e3cT5kSIKf3c,1,9,1,4,"13/4/2025, 8:22:41 a. m."
revij.TNT3qVG2YL3vMmFA,cCu2yIt0e3cT5kSIKf3c,1,1,2,2,"13/4/2025, 8:23:43 a. m."
dLoiumohTTW1uoRFB-Yqvw,cCu2yIt0e3cT5kSIKf3c,1,3,2,3,"13/4/2025, 8:23:53 a. m."
7-9SfT8XS5K9tVkBaOdV7A,cCu2yIt0e3cT5kSIKf3c,1,2,2,4,"13/4/2025, 8:23:53 a. m."
3SjnszgbQuWKM1.exzCtYQ,cCu2yIt0e3cT5kSIKf3c,1,4,2,3,"13/4/2025, 8:23:53 a. m."
tAFokCrmRT6ynCdEdIMdwQ,cCu2yIt0e3cT5kSIKf3c,1,5,2,4,"13/4/2025, 8:23:54 a. m."
z9cwootkTdyJgbUcZZWsEw,cCu2yIt0e3cT5kSIKf3c,1,6,2,3,"13/4/2025, 8:23:55 a. m."
rH0sWgCDTcWDfOhCfK3FJw,cCu2yIt0e3cT5kSIKf3c,1,8,2,3,"13/4/2025, 8:23:56 a. m."
qaV8jp5BTY6y9n0Z9jR8Rg,cCu2yIt0e3cT5kSIKf3c,1,7,2,3,"13/4/2025, 8:23:55 a. m."
E.IsG37xQZmN34uueW19ig,cCu2yIt0e3cT5kSIKf3c,1,9,2,4,"13/4/2025, 8:23:56 a. m."
H8Js5ScLTnqbYcSWZnxVEA,cCu2yIt0e3cT5kSIKf3c,1,8,3,3,"13/4/2025, 8:24:21 a. m."
sSmIhGbORFu.ylaOZjOqGQ,cCu2yIt0e3cT5kSIKf3c,1,5,3,4,"13/4/2025, 8:24:19 a. m."
6Yfr3SAjTY64hfZfTu489g,cCu2yIt0e3cT5kSIKf3c,1,4,3,3,"13/4/2025, 8:24:19 a. m."
zG3k5dF6T9aKukEGorwNvw,cCu2yIt0e3cT5kSIKf3c,1,3,3,4,"13/4/2025, 8:24:19 a. m."
iFnDiSKuQSOz4Glbj-yEKw,cCu2yIt0e3cT5kSIKf3c,1,6,3,4,"13/4/2025, 8:24:20 a. m."
dVhKxD0oTnuhV7AbUQ0tvQ,cCu2yIt0e3cT5kSIKf3c,1,1,3,2,"13/4/2025, 8:24:13 a. m."
ar-3TqKVTAuI-rC2v8kX7Q,cCu2yIt0e3cT5kSIKf3c,1,7,3,4,"13/4/2025, 8:24:20 a. m."
a.PKPiyDJTCmgNrysdSj4og,cCu2yIt0e3cT5kSIKf3c,1,9,3,4,"13/4/2025, 8:24:23 a. m."
0FaV76iHQiWoMsmf-Rcs.g,cCu2yIt0e3cT5kSIKf3c,4,26,,3,"13/4/2025, 8:24:53 a. m."
JDT6Fg.MTXmLhXBlYm8C3g,cCu2yIt0e3cT5kSIKf3c,4,27,,4,"13/4/2025, 8:25:01 a. m."
I7IbJrTJTSqnNLuU3IONYg,cCu2yIt0e3cT5kSIKf3c,4,29,,4,"13/4/2025, 8:25:02 a. m."
T2LVow2MQmqBJKI3.sK34Q,cCu2yIt0e3cT5kSIKf3c,4,28,,3,"13/4/2025, 8:25:02 a. m."
a.ZK6f87sTpuFmFMbiLkSiQ,cCu2yIt0e3cT5kSIKf3c,4,30,,2,"13/4/2025, 8:25:02 a. m."
sgdmj.ebRZKK16SiPM2iZA,cCu2yIt0e3cT5kSIKf3c,4,31,,3,"13/4/2025, 8:25:03 a. m."
y3qfHotGT5S05uREwh5EQQ,cCu2yIt0e3cT5kSIKf3c,4,32,,3,"13/4/2025, 8:25:05 a. m."
rD6dTjdTScin8nPl2euSMg,cCu2yIt0e3cT5kSIKf3c,5,33,,3,"13/4/2025, 8:25:23 a. m."
KL8g2iUHSJiHVIJLXMNYWw,cCu2yIt0e3cT5kSIKf3c,5,34,,4,"13/4/2025, 8:25:25 a. m."
uD3njDXcRXK.ZX1ryt8OiQ,cCu2yIt0e3cT5kSIKf3c,5,35,,3,"13/4/2025, 8:25:25 a. m."
3Kd-nQLlTOWWuTcm-7eenA,cCu2yIt0e3cT5kSIKf3c,5,36,,4,"13/4/2025, 8:25:26 a. m."
943Yn-3QSjeqe3OFbn93ag,cCu2yIt0e3cT5kSIKf3c,5,37,,4,"13/4/2025, 8:25:26 a. m."
r9BvkinDTEaS-baPd8gHmA,cCu2yIt0e3cT5kSIKf3c,5,38,,3,"13/4/2025, 8:25:27 a. m."
TrvvlQGBSOW9Y9jGvilcBA,cCu2yIt0e3cT5kSIKf3c,5,39,,2,"13/4/2025, 8:25:28 a. m."
yzhNNw8-T9Gg4plsY6XavQ,OYZCxlq7a13lKrpYlSKh,3,20,1,4,"28/4/2025, 6:55:57 a. m."
uDCXi1apQ1yBQgcqSzToGQ,OYZCxlq7a13lKrpYlSKh,3,21,1,3,"28/4/2025, 6:56:06 a. m."
g3WENoIKQwaLuSy0UhfKyg,OYZCxlq7a13lKrpYlSKh,3,22,1,4,"28/4/2025, 6:56:07 a. m."
4nBsNNFTSiW6.AxVMUQI8Q,OYZCxlq7a13lKrpYlSKh,3,23,1,4,"28/4/2025, 6:56:11 a. m."
vT83BrhpQr-3Lalu5ZOGyA,OYZCxlq7a13lKrpYlSKh,3,24,1,4,"28/4/2025, 6:56:13 a. m."
UYXYeNTqROSdIPWERF81eg,OYZCxlq7a13lKrpYlSKh,3,25,1,4,"28/4/2025, 6:56:14 a. m."
GB1VY-coSfSbDOlyNeoCXw,OYZCxlq7a13lKrpYlSKh,3,20,2,4,"28/4/2025, 6:56:27 a. m."
GdSrKyCDSNmJDY8UfMdCGw,OYZCxlq7a13lKrpYlSKh,3,22,2,4,"28/4/2025, 6:56:31 a. m."
3vppQiqHQ0Kj6ZOqtwDimA,OYZCxlq7a13lKrpYlSKh,3,21,2,4,"28/4/2025, 6:56:28 a. m."
X9apPP7xT6mwyxHb-4E6bQ,OYZCxlq7a13lKrpYlSKh,3,24,2,4,"28/4/2025, 6:56:40 a. m."
dAh.QAopRNWibrSFVdo2Gw,OYZCxlq7a13lKrpYlSKh,3,23,2,3,"28/4/2025, 6:56:37 a. m."
AEw9QXNTRHK8ruFeKFXK-w,OYZCxlq7a13lKrpYlSKh,3,25,2,4,"28/4/2025, 6:56:51 a. m."
aBQXqFY1T9a86FNfXYSBew,OYZCxlq7a13lKrpYlSKh,3,20,3,4,"28/4/2025, 6:56:57 a. m."
BLSsya34Qeqd0eusePu3Wg,OYZCxlq7a13lKrpYlSKh,3,21,3,4,"28/4/2025, 6:56:57 a. m."
BJi5XXsqSYOo6PQxJf4-wA,OYZCxlq7a13lKrpYlSKh,3,22,3,4,"28/4/2025, 6:56:58 a. m."
XVKhybkbTSCcTvcmztWNkw,OYZCxlq7a13lKrpYlSKh,3,23,3,4,"28/4/2025, 6:57:00 a. m."
B9Abb68gQ8qWLtcEsQlncA,OYZCxlq7a13lKrpYlSKh,3,24,3,4,"28/4/2025, 6:57:04 a. m."
N5jmSQ-DRxSAzLfuokGc8A,OYZCxlq7a13lKrpYlSKh,3,25,3,4,"28/4/2025, 6:57:07 a. m."
h7aUq7VZQTeAv4SCK2xrQQ,OYZCxlq7a13lKrpYlSKh,3,20,4,4,"28/4/2025, 6:57:17 a. m."
P.1jbO0sRTScKCLsnGAjJg,OYZCxlq7a13lKrpYlSKh,3,21,4,4,"28/4/2025, 6:57:21 a. m."
vNvAlXQxRzmFsNHLHePPcg,OYZCxlq7a13lKrpYlSKh,3,22,4,4,"28/4/2025, 6:57:23 a. m."
eoWNGLPFQm-GPNoHF7oX5g,OYZCxlq7a13lKrpYlSKh,3,23,4,4,"28/4/2025, 6:57:27 a. m."
6OX1Bit.TdSstJwtDxw7sA,OYZCxlq7a13lKrpYlSKh,3,25,4,3,"28/4/2025, 6:57:31 a. m."
nchaIUrpQ3iq1U8IduVhZg,OYZCxlq7a13lKrpYlSKh,3,24,4,3,"28/4/2025, 6:57:29 a. m."
EDrYMstVS.2HtsAtcvsqcQ,OYZCxlq7a13lKrpYlSKh,3,20,5,4,"28/4/2025, 6:57:39 a. m."
WL2sfKeHSLumFiGiyPtI9Q,OYZCxlq7a13lKrpYlSKh,3,21,5,3,"28/4/2025, 6:57:47 a. m."
a.O155mIiRBu944IPpuCBnQ,OYZCxlq7a13lKrpYlSKh,3,22,5,4,"28/4/2025, 6:57:48 a. m."
iZiRop2wS.m23e4vviy1yw,OYZCxlq7a13lKrpYlSKh,3,23,5,3,"28/4/2025, 6:57:53 a. m."
O12pUTF2TNCQTQHeNwH8pw,OYZCxlq7a13lKrpYlSKh,3,24,5,3,"28/4/2025, 6:57:55 a. m."
gcad2ZwmRqKoqZanVrPgbA,OYZCxlq7a13lKrpYlSKh,3,25,5,3,"28/4/2025, 6:57:57 a. m."
8wNdb7HISsu9Kw2gPoXwNA,OYZCxlq7a13lKrpYlSKh,2,10,1,4,"28/4/2025, 6:58:08 a. m."
EEWWm8veT2yr4irIb6iO2g,OYZCxlq7a13lKrpYlSKh,2,11,1,4,"28/4/2025, 6:58:27 a. m."
vkjAjOVdQdKlgJNxfqMIJQ,OYZCxlq7a13lKrpYlSKh,2,12,1,4,"28/4/2025, 6:58:30 a. m."
Ug2njBUdSF6v15K2rXTcJA,OYZCxlq7a13lKrpYlSKh,2,13,1,4,"28/4/2025, 6:58:33 a. m."
BwuKTzgATgCrWjSBehIQJw,OYZCxlq7a13lKrpYlSKh,2,14,1,3,"28/4/2025, 6:58:36 a. m."
bXGy5I7HRcGld0VKhs0Y2A,OYZCxlq7a13lKrpYlSKh,2,15,1,4,"28/4/2025, 6:58:39 a. m."
miiHRhd1Q7Kp9KUtpMiv-Q,OYZCxlq7a13lKrpYlSKh,2,16,1,4,"28/4/2025, 6:58:41 a. m."
lX521T1ORXy7q0RVUtzwbg,OYZCxlq7a13lKrpYlSKh,2,17,1,3,"28/4/2025, 6:58:43 a. m."
2uLsmSCdSFS3gmw-H8bQ8w,OYZCxlq7a13lKrpYlSKh,2,19,1,4,"28/4/2025, 6:58:48 a. m."
a.cVxwPiaR4SBw6pbXbXQLA,OYZCxlq7a13lKrpYlSKh,2,18,1,3,"28/4/2025, 6:58:52 a. m."
XfQZaevCQRiqnoZUzy2OCg,OYZCxlq7a13lKrpYlSKh,2,10,2,4,"28/4/2025, 6:59:03 a. m."
Xev2rqxRSSi9wvF9VBoV.A,OYZCxlq7a13lKrpYlSKh,2,11,2,3,"28/4/2025, 6:59:05 a. m."
5HGAewb3RT-PTom2j2w-1w,OYZCxlq7a13lKrpYlSKh,2,12,2,4,"28/4/2025, 6:59:09 a. m."
t3RHcVCXS9O4FbGICEpUGA,OYZCxlq7a13lKrpYlSKh,2,13,2,4,"28/4/2025, 6:59:12 a. m."
emjavSikScy9puGImoiM3Q,OYZCxlq7a13lKrpYlSKh,2,14,2,4,"28/4/2025, 6:59:13 a. m."
RPGqenktTu-88I1KMOr37g,OYZCxlq7a13lKrpYlSKh,2,15,2,3,"28/4/2025, 6:59:17 a. m."
A4uWndpWR6qynoXVOw91yw,OYZCxlq7a13lKrpYlSKh,2,16,2,4,"28/4/2025, 6:59:22 a. m."
oI1IXIKNQSC3cGlUW16d3w,OYZCxlq7a13lKrpYlSKh,2,17,2,3,"28/4/2025, 6:59:26 a. m."
3vaNijqDT-e49DBtMzvmIA,OYZCxlq7a13lKrpYlSKh,2,18,2,3,"28/4/2025, 6:59:28 a. m."
S4E4NkddQtC2jF5lU-OAdw,OYZCxlq7a13lKrpYlSKh,2,19,2,3,"28/4/2025, 6:59:30 a. m."
mvo6qePBQoSLdGNxyz7QDQ,OYZCxlq7a13lKrpYlSKh,2,10,3,4,"28/4/2025, 6:59:33 a. m."
GhSxcf9URMq4dPxpbmx27Q,OYZCxlq7a13lKrpYlSKh,2,11,3,4,"28/4/2025, 6:59:37 a. m."
5A8o0Qg6QTOxp47xwEO1mA,OYZCxlq7a13lKrpYlSKh,2,12,3,3,"28/4/2025, 6:59:39 a. m."
Nd-Fb70bQiKCmDHm.IlacQ,OYZCxlq7a13lKrpYlSKh,2,13,3,4,"28/4/2025, 6:59:41 a. m."
UtbXXTd6TU2j5omqzCBHVQ,OYZCxlq7a13lKrpYlSKh,2,14,3,4,"28/4/2025, 6:59:48 a. m."
wdWUy1nTTrWxLkcz4ogj.g,OYZCxlq7a13lKrpYlSKh,2,15,3,4,"28/4/2025, 6:59:57 a. m."
e6p-gmZIQumDHqDKElbiHA,OYZCxlq7a13lKrpYlSKh,2,16,3,4,"28/4/2025, 7:00:01 a. m."
qu.plNwKTVyj57F-h6uibQ,OYZCxlq7a13lKrpYlSKh,2,17,3,3,"28/4/2025, 7:00:02 a. m."
jWLCS0KXT7mqEtfWKJI9tQ,OYZCxlq7a13lKrpYlSKh,2,19,3,4,"28/4/2025, 7:00:06 a. m."
M9v0yzzYSo-2VSPi2.BBkQ,OYZCxlq7a13lKrpYlSKh,2,18,3,3,"28/4/2025, 7:00:04 a. m."
EjnLTiZ9RHeNYtRqVgETwA,OYZCxlq7a13lKrpYlSKh,2,11,4,4,"28/4/2025, 7:00:13 a. m."
ndtFx03KRdmyxSYz89bAmA,OYZCxlq7a13lKrpYlSKh,2,10,4,4,"28/4/2025, 7:00:10 a. m."
2RNd2m79QniWMVln1b7LDw,OYZCxlq7a13lKrpYlSKh,2,12,4,3,"28/4/2025, 7:00:15 a. m."
01I8NCdfRHSJn-59Y6-F7g,OYZCxlq7a13lKrpYlSKh,2,13,4,4,"28/4/2025, 7:00:17 a. m."
rrLaPGpbRYqsmzv5tx6.iA,OYZCxlq7a13lKrpYlSKh,2,14,4,4,"28/4/2025, 7:00:19 a. m."
xyvVsqF0QL6XoTiwZx0UAQ,OYZCxlq7a13lKrpYlSKh,2,15,4,4,"28/4/2025, 7:00:26 a. m."
3ahdEMVTScaZEtaJ-wXLZg,OYZCxlq7a13lKrpYlSKh,2,16,4,4,"28/4/2025, 7:00:28 a. m."
V.iZbb5FTNqsIy8rZ5Fn3w,OYZCxlq7a13lKrpYlSKh,2,18,4,3,"28/4/2025, 7:00:32 a. m."
q3dHD0AkTz-WbLzLEERKKA,OYZCxlq7a13lKrpYlSKh,2,17,4,3,"28/4/2025, 7:00:30 a. m."
XZ9bBZeuR2-X9iWUwAJ2RA,OYZCxlq7a13lKrpYlSKh,2,19,4,4,"28/4/2025, 7:00:33 a. m."
oczrPFp5QNiALaxJaXkftQ,OYZCxlq7a13lKrpYlSKh,2,12,5,3,"28/4/2025, 7:00:56 a. m."
v-ShPtfKTCCdtYq8ilslPQ,OYZCxlq7a13lKrpYlSKh,2,11,5,3,"28/4/2025, 7:00:52 a. m."
0ZLG471PSl26aVqlZRSAgg,OYZCxlq7a13lKrpYlSKh,2,10,5,3,"28/4/2025, 7:00:47 a. m."
MF7-j075SpeG-N0tQotSjQ,OYZCxlq7a13lKrpYlSKh,2,13,5,3,"28/4/2025, 7:00:59 a. m."
Yq.bGVnBSXSEwwlxnhvV5Q,OYZCxlq7a13lKrpYlSKh,2,15,5,3,"28/4/2025, 7:01:07 a. m."
nmslUZa9TpOdx1hdLMDwTQ,OYZCxlq7a13lKrpYlSKh,2,14,5,2,"28/4/2025, 7:01:02 a. m."
O4ae2BWFSHWh0X1iwAvBhA,OYZCxlq7a13lKrpYlSKh,2,19,5,3,"28/4/2025, 7:01:13 a. m."
pT2-8ixgQv2JmjzFqp.qsw,i5PtP1J1jz1X3IUkgmwC,3,20,1,1,"30/4/2025, 11:45:37 a. m."
a.ttXXomLTGiUl1hushb-qQ,i5PtP1J1jz1X3IUkgmwC,3,22,1,4,"30/4/2025, 11:46:30 a. m."
JHfGs0SSQX6nWn-su59Txw,i5PtP1J1jz1X3IUkgmwC,3,21,1,4,"30/4/2025, 11:46:27 a. m."
aScHa5pKTMWDS61EAHkvPQ,i5PtP1J1jz1X3IUkgmwC,3,25,1,2,"30/4/2025, 11:46:32 a. m."
Km.SjPjyQyy4lhhzKH9DHg,i5PtP1J1jz1X3IUkgmwC,3,23,1,1,"30/4/2025, 11:46:30 a. m."
n3t3k7dyR3ai-hji0YKR9A,i5PtP1J1jz1X3IUkgmwC,3,24,1,3,"30/4/2025, 11:46:31 a. m."
p1-bLY0RSnGrEIpBLSN03Q,i5PtP1J1jz1X3IUkgmwC,3,20,2,4,"30/4/2025, 11:46:47 a. m."
Bl10syvtT2a.q6nKbK-Q9Q,i5PtP1J1jz1X3IUkgmwC,3,22,2,5,"30/4/2025, 11:46:50 a. m."
0CKs1BfARsqJCYyW6vXH1A,i5PtP1J1jz1X3IUkgmwC,3,21,2,3,"30/4/2025, 11:46:49 a. m."
S9F87YFHROaZq0g8BfEQNg,i5PtP1J1jz1X3IUkgmwC,3,23,2,1,"30/4/2025, 11:46:57 a. m."
3j48mLexSpekcy5CHay3Iw,i5PtP1J1jz1X3IUkgmwC,3,24,2,2,"30/4/2025, 11:46:58 a. m."
KaUB7zQNTxypAfSiwAg2FA,i5PtP1J1jz1X3IUkgmwC,3,25,2,2,"30/4/2025, 11:46:59 a. m."
ZheZJHAzQIGNWd7FYBh.kA,i5PtP1J1jz1X3IUkgmwC,3,20,3,3,"30/4/2025, 11:47:17 a. m."
Rjw0GmGOTcSupjxtFNAQ3g,i5PtP1J1jz1X3IUkgmwC,3,21,3,3,"30/4/2025, 11:47:26 a. m."
ywLtlyeGQsO1tIYVs-uE8A,i5PtP1J1jz1X3IUkgmwC,3,22,3,4,"30/4/2025, 11:47:26 a. m."
Vn1s.ObIT56SR.uFYdKD6g,i5PtP1J1jz1X3IUkgmwC,3,24,3,3,"30/4/2025, 11:47:27 a. m."
3j4PbIkATlirYF1gONjO2A,i5PtP1J1jz1X3IUkgmwC,3,23,3,2,"30/4/2025, 11:47:27 a. m."
pbQypfXHRHeDeHRybcsqFg,i5PtP1J1jz1X3IUkgmwC,3,25,3,2,"30/4/2025, 11:47:28 a. m."
tgL7ONBwQhCfl1egkLZ4rg,i5PtP1J1jz1X3IUkgmwC,3,20,4,3,"30/4/2025, 11:47:47 a. m."
EoPr6CLUS-6hdXZ0WpWO6w,i5PtP1J1jz1X3IUkgmwC,3,21,4,3,"30/4/2025, 11:47:47 a. m."
ku6IcvFsTT-rUDqE5lTirQ,i5PtP1J1jz1X3IUkgmwC,3,22,4,3,"30/4/2025, 11:47:47 a. m."
d-BTHG0VQgmYr4O0Sbhk0Q,i5PtP1J1jz1X3IUkgmwC,3,23,4,3,"30/4/2025, 11:47:48 a. m."
7iRqVCN7Rauhixoki3z44g,i5PtP1J1jz1X3IUkgmwC,3,24,4,3,"30/4/2025, 11:47:49 a. m."
2W4.CirQRCiFl2BnXY2tPQ,i5PtP1J1jz1X3IUkgmwC,3,25,4,3,"30/4/2025, 11:47:49 a. m."
BFYD4CnHQPmVL-6CxKzE5w,i5PtP1J1jz1X3IUkgmwC,3,21,5,2,"30/4/2025, 11:48:06 a. m."
KTbv0X1UQLONafr1Ut9gdQ,i5PtP1J1jz1X3IUkgmwC,3,23,5,3,"30/4/2025, 11:48:07 a. m."
a-Lw2cYW9SUOGqImch9aJ0Q,i5PtP1J1jz1X3IUkgmwC,3,22,5,2,"30/4/2025, 11:48:07 a. m."
Cq5DEORJRte6fNNsRXJbLw,i5PtP1J1jz1X3IUkgmwC,3,20,5,2,"30/4/2025, 11:47:57 a. m."
T6mXSGwvTgyMLqFsh59DVg,i5PtP1J1jz1X3IUkgmwC,3,24,5,3,"30/4/2025, 11:48:08 a. m."
pdjzZAPMQwm16KOoZ04NOg,i5PtP1J1jz1X3IUkgmwC,3,25,5,3,"30/4/2025, 11:48:09 a. m."
jqO3fNlLRxa4eWyZrDvgfg,i5PtP1J1jz1X3IUkgmwC,1,1,1,3,"30/4/2025, 11:48:47 a. m."
SsavXBTKQs-QVCiEzalEfA,i5PtP1J1jz1X3IUkgmwC,1,2,1,4,"30/4/2025, 11:48:56 a. m."
FQIzSlehRi6LclQFngW5yw,i5PtP1J1jz1X3IUkgmwC,1,3,1,2,"30/4/2025, 11:48:57 a. m."
vwrlWyC7T.ankDb6smpzbA,i5PtP1J1jz1X3IUkgmwC,1,4,1,4,"30/4/2025, 11:48:57 a. m."
B7UMwWwEQKCVIKU6mwT.Vw,i5PtP1J1jz1X3IUkgmwC,1,5,1,4,"30/4/2025, 11:48:58 a. m."
e8nSTis-QsCyce4QmojceA,i5PtP1J1jz1X3IUkgmwC,1,6,1,4,"30/4/2025, 11:48:58 a. m."
NruwrZc.RXu8mjmRydZf4w,i5PtP1J1jz1X3IUkgmwC,1,7,1,4,"30/4/2025, 11:48:59 a. m."
0ZBvvywuQwS007nGjNyAFw,i5PtP1J1jz1X3IUkgmwC,1,8,1,4,"30/4/2025, 11:49:00 a. m."
rOncurTaQquDQ9RSk0FbgQ,i5PtP1J1jz1X3IUkgmwC,1,9,1,4,"30/4/2025, 11:49:00 a. m."
hcLSkBnvT5yU--MaspHo.g,i5PtP1J1jz1X3IUkgmwC,1,1,2,3,"30/4/2025, 11:49:17 a. m."
duv41X4zTouhCsqKtNZBHQ,i5PtP1J1jz1X3IUkgmwC,1,2,2,3,"30/4/2025, 11:49:22 a. m."
C57VSQ0zS0Ov-5yE929FNw,i5PtP1J1jz1X3IUkgmwC,1,3,2,2,"30/4/2025, 11:49:22 a. m."
tSGCHi5LRlK22RnxxTm-WA,i5PtP1J1jz1X3IUkgmwC,1,4,2,3,"30/4/2025, 11:49:23 a. m."
NRo9ycQ.RcWEKxcecDJ3ZQ,i5PtP1J1jz1X3IUkgmwC,1,5,2,4,"30/4/2025, 11:49:23 a. m."
eqS1nIFfQOaUD920m-zXQQ,i5PtP1J1jz1X3IUkgmwC,1,6,2,4,"30/4/2025, 11:49:23 a. m."
fQbNqZDuT9av7NJ8753eHA,i5PtP1J1jz1X3IUkgmwC,1,9,2,4,"30/4/2025, 11:49:25 a. m."
KuTC.xGfSLmSIiFkdmiIdA,i5PtP1J1jz1X3IUkgmwC,1,8,2,4,"30/4/2025, 11:49:24 a. m."
iC4AE2E8RsKCum6.EXyDAw,i5PtP1J1jz1X3IUkgmwC,1,7,2,4,"30/4/2025, 11:49:24 a. m."
2cRRmJhUQu6o3.h2AyEgCw,i5PtP1J1jz1X3IUkgmwC,1,2,3,4,"30/4/2025, 11:49:56 a. m."
Dh7hEZJZTCmCJaoEqCy-Mg,i5PtP1J1jz1X3IUkgmwC,1,3,3,3,"30/4/2025, 11:49:56 a. m."
seGI8E9rQvWVgFBruauRLA,i5PtP1J1jz1X3IUkgmwC,1,1,3,3,"30/4/2025, 11:49:47 a. m."
4..01oavREeY2LM3F8uuRg,i5PtP1J1jz1X3IUkgmwC,1,4,3,4,"30/4/2025, 11:49:57 a. m."
14EtLQE3TwOl-XINdcgt2w,i5PtP1J1jz1X3IUkgmwC,1,6,3,4,"30/4/2025, 11:49:58 a. m."
q4FgS1RPQRqPHWckzciFrg,i5PtP1J1jz1X3IUkgmwC,1,5,3,4,"30/4/2025, 11:49:57 a. m."
cbqoZRZKSFiU6QxjKb15IQ,i5PtP1J1jz1X3IUkgmwC,1,7,3,4,"30/4/2025, 11:49:58 a. m."
xueEq-EzSiqS.Ko5UpFyfw,i5PtP1J1jz1X3IUkgmwC,1,8,3,3,"30/4/2025, 11:49:59 a. m."
RVtnsX5qQuqFQvCr8J5yFA,i5PtP1J1jz1X3IUkgmwC,1,9,3,4,"30/4/2025, 11:50:00 a. m."
EZYnrfiVTKGCwdQcCBeBFg,i5PtP1J1jz1X3IUkgmwC,1,1,4,3,"30/4/2025, 11:50:17 a. m."
d-D8ovLzQ064sHJfFpPWfA,i5PtP1J1jz1X3IUkgmwC,1,4,4,4,"30/4/2025, 11:50:28 a. m."
jLXXGit8QyqtPPXT-LDgkg,i5PtP1J1jz1X3IUkgmwC,1,2,4,4,"30/4/2025, 11:50:27 a. m."
pbpUFNzbRKudhQ7q9UfR8w,i5PtP1J1jz1X3IUkgmwC,1,3,4,4,"30/4/2025, 11:50:27 a. m."
6mSDkYl4S8C75sQOQHg00Q,i5PtP1J1jz1X3IUkgmwC,1,9,4,3,"30/4/2025, 11:50:31 a. m."
lmEKWF04SgG8nx.W9AEQ0g,i5PtP1J1jz1X3IUkgmwC,1,6,4,4,"30/4/2025, 11:50:29 a. m."
Ken9BTrHQTGnw4jE3cgQvg,i5PtP1J1jz1X3IUkgmwC,1,5,4,4,"30/4/2025, 11:50:28 a. m."
Mfde66GsTF-qr7DVvSVvlA,i5PtP1J1jz1X3IUkgmwC,1,8,4,3,"30/4/2025, 11:50:30 a. m."
gEY772I5Se27c3yb71qWiQ,i5PtP1J1jz1X3IUkgmwC,1,7,4,4,"30/4/2025, 11:50:29 a. m."
iGEkpCowQ0O7CZONv5bbAQ,i5PtP1J1jz1X3IUkgmwC,1,6,5,3,"30/4/2025, 11:50:56 a. m."
2Ztt.FUITRiELepjr58LYw,i5PtP1J1jz1X3IUkgmwC,1,4,5,3,"30/4/2025, 11:50:55 a. m."
jlj0wuf4RZ-SxN4CdyEEug,i5PtP1J1jz1X3IUkgmwC,1,8,5,3,"30/4/2025, 11:50:57 a. m."
wS03TC2uQGCyO.etG8REew,i5PtP1J1jz1X3IUkgmwC,1,7,5,3,"30/4/2025, 11:50:57 a. m."
a-ydl6D0zTdCbUgPtejskQQ,i5PtP1J1jz1X3IUkgmwC,1,2,5,3,"30/4/2025, 11:50:54 a. m."
IvUdVfibTqqQZuPsghTv9A,i5PtP1J1jz1X3IUkgmwC,1,3,5,2,"30/4/2025, 11:50:55 a. m."
pFQmKVHzQlWyvw0bF7xz1Q,i5PtP1J1jz1X3IUkgmwC,1,5,5,3,"30/4/2025, 11:50:56 a. m."
LNwtdpuiTW-Um2konAnmug,i5PtP1J1jz1X3IUkgmwC,1,1,5,2,"30/4/2025, 11:50:47 a. m."
HsVQoKijSVaR2aGNwDUBbA,i5PtP1J1jz1X3IUkgmwC,1,9,5,3,"30/4/2025, 11:50:58 a. m."
v0-InUzxRi-RoyF65kjb9w,i5PtP1J1jz1X3IUkgmwC,2,10,1,4,"30/4/2025, 11:51:27 a. m."
arcJi7YrSCijijIGTvsjqA,i5PtP1J1jz1X3IUkgmwC,2,11,1,3,"30/4/2025, 11:51:30 a. m."
m91zr2R3SNa5FhoHSdFuwQ,i5PtP1J1jz1X3IUkgmwC,2,14,1,4,"30/4/2025, 11:51:32 a. m."
R9HGyq92QdqJ0nIwt5HhKg,i5PtP1J1jz1X3IUkgmwC,2,13,1,4,"30/4/2025, 11:51:31 a. m."
PSLWp8ooQ4qlj4cMLJUo7Q,i5PtP1J1jz1X3IUkgmwC,2,16,1,2,"30/4/2025, 11:51:33 a. m."
asXR3wUJS4qKTMapr0h0yg,i5PtP1J1jz1X3IUkgmwC,2,12,1,3,"30/4/2025, 11:51:31 a. m."
xYGt75X3SsScISYle2GtcA,i5PtP1J1jz1X3IUkgmwC,2,18,1,3,"30/4/2025, 11:51:34 a. m."
Ps3uQpG9Sgy4aAkzmADE4g,i5PtP1J1jz1X3IUkgmwC,2,15,1,3,"30/4/2025, 11:51:32 a. m."
dViG1kknSsyzZ.XJD9dD6Q,i5PtP1J1jz1X3IUkgmwC,2,19,1,4,"30/4/2025, 11:51:34 a. m."
PkIsSizLRJW2yEMYdzqXtA,i5PtP1J1jz1X3IUkgmwC,2,17,1,3,"30/4/2025, 11:51:33 a. m."
9Cxty4L7Q7O43dUUEoxfcw,i5PtP1J1jz1X3IUkgmwC,2,10,2,4,"30/4/2025, 11:52:07 a. m."
a-C9VKCT6SrKsYNL1pzl4gg,i5PtP1J1jz1X3IUkgmwC,2,11,2,3,"30/4/2025, 11:52:12 a. m."
a.58FRcH.T06ILtY0MoYEOw,i5PtP1J1jz1X3IUkgmwC,2,18,2,4,"30/4/2025, 11:52:15 a. m."
iel4SQf0ShWCR8sRqykYqw,i5PtP1J1jz1X3IUkgmwC,2,12,2,3,"30/4/2025, 11:52:12 a. m."
e8kMp960S.6iCXQ1zX.LkA,i5PtP1J1jz1X3IUkgmwC,2,13,2,4,"30/4/2025, 11:52:13 a. m."
cYEuclTKTuOvwZs6lg2wCA,i5PtP1J1jz1X3IUkgmwC,2,14,2,4,"30/4/2025, 11:52:13 a. m."
yi.1SkJ2SCGdKoUoW71-vQ,i5PtP1J1jz1X3IUkgmwC,2,19,2,3,"30/4/2025, 11:52:16 a. m."
ILW5V8nxSvafYst8HKRB6w,i5PtP1J1jz1X3IUkgmwC,2,16,2,2,"30/4/2025, 11:52:14 a. m."
WKHLyVrWRaWL1St87VGMkg,i5PtP1J1jz1X3IUkgmwC,2,15,2,3,"30/4/2025, 11:52:14 a. m."
EobufR1LTiK.24gZAockfA,i5PtP1J1jz1X3IUkgmwC,2,17,2,3,"30/4/2025, 11:52:14 a. m."
HjejKRxXTaiWaZyA5qBoRQ,i5PtP1J1jz1X3IUkgmwC,2,12,3,3,"30/4/2025, 11:52:44 a. m."
MORUGRagQLOmc3Q72iAvNw,i5PtP1J1jz1X3IUkgmwC,2,10,3,4,"30/4/2025, 11:52:37 a. m."
bolw4M8iQ-ySP3PSJ8r06w,i5PtP1J1jz1X3IUkgmwC,2,11,3,4,"30/4/2025, 11:52:44 a. m."
We-2gDopSFSTSfzcN8iFQQ,i5PtP1J1jz1X3IUkgmwC,2,17,3,4,"30/4/2025, 11:52:47 a. m."
wcU-NiH.TCyc36EVUoDe-g,i5PtP1J1jz1X3IUkgmwC,2,14,3,4,"30/4/2025, 11:52:45 a. m."
u-EDpGIXRuKk1yl0DgAkZA,i5PtP1J1jz1X3IUkgmwC,2,15,3,4,"30/4/2025, 11:52:46 a. m."
7WyZMJm4QUWctBXW1Vq2uw,i5PtP1J1jz1X3IUkgmwC,2,13,3,4,"30/4/2025, 11:52:45 a. m."
zJKw76DbQvqy-FsC1R8zOw,i5PtP1J1jz1X3IUkgmwC,2,18,3,4,"30/4/2025, 11:52:47 a. m."
R4xit.2GTOGwReLTkWa0Kg,i5PtP1J1jz1X3IUkgmwC,2,19,3,3,"30/4/2025, 11:52:48 a. m."
xt2s-DGqT1OFfQOtBL8cOw,i5PtP1J1jz1X3IUkgmwC,2,16,3,3,"30/4/2025, 11:52:46 a. m."
HdK6hfJIRae-Zw.N6fMreQ,i5PtP1J1jz1X3IUkgmwC,2,11,4,3,"30/4/2025, 11:53:17 a. m."
XARNAQzFSrGk.tKv5.9Ltw,i5PtP1J1jz1X3IUkgmwC,2,12,4,4,"30/4/2025, 11:53:17 a. m."
h1JfgN6lRGyT2-J40JbIOA,i5PtP1J1jz1X3IUkgmwC,2,10,4,3,"30/4/2025, 11:53:07 a. m."
pQsb9-D6T5qQcSvgnn0W5A,i5PtP1J1jz1X3IUkgmwC,2,13,4,4,"30/4/2025, 11:53:18 a. m."
KLE1FYcrSSSFKpyrki3ukw,i5PtP1J1jz1X3IUkgmwC,2,14,4,4,"30/4/2025, 11:53:18 a. m."
s.urN.I1T5moW7bmfXUPKA,i5PtP1J1jz1X3IUkgmwC,2,15,4,3,"30/4/2025, 11:53:19 a. m."
9UZjkSsuR1GqhHUOwwXdYA,i5PtP1J1jz1X3IUkgmwC,2,16,4,3,"30/4/2025, 11:53:19 a. m."
qIifk1UbT3ifiO3X3WZrEw,i5PtP1J1jz1X3IUkgmwC,2,17,4,3,"30/4/2025, 11:53:20 a. m."
NZofZgdiRE2pzJhMST0wwQ,i5PtP1J1jz1X3IUkgmwC,2,18,4,2,"30/4/2025, 11:53:20 a. m."
jfUI9uKrSDSy1BfRba3PPg,i5PtP1J1jz1X3IUkgmwC,2,19,4,3,"30/4/2025, 11:53:21 a. m."
9O8HQfSWQ.OWO1jByL0Jsw,i5PtP1J1jz1X3IUkgmwC,2,19,5,2,"30/4/2025, 11:53:43 a. m."
vE52uevdTe6SiczvtzNezQ,i5PtP1J1jz1X3IUkgmwC,2,12,5,3,"30/4/2025, 11:53:47 a. m."
obqWcK79Q1C7bL1-8Slnsg,i5PtP1J1jz1X3IUkgmwC,2,10,5,2,"30/4/2025, 11:53:44 a. m."
wWLPaM52RI6ZTpNx4OuQ6A,i5PtP1J1jz1X3IUkgmwC,2,11,5,3,"30/4/2025, 11:53:47 a. m."
XtKbyYuyR.-s6MB.SkQy4A,i5PtP1J1jz1X3IUkgmwC,2,13,5,4,"30/4/2025, 11:53:48 a. m."
cA7-QLgZT7iCjGL8BcRang,i5PtP1J1jz1X3IUkgmwC,2,15,5,2,"30/4/2025, 11:53:49 a. m."
T4k5IjwoQxeTU8-loFMsmQ,i5PtP1J1jz1X3IUkgmwC,2,14,5,3,"30/4/2025, 11:53:49 a. m."
cGiqVNZxSruIQQjDf0Gqng,i5PtP1J1jz1X3IUkgmwC,2,16,5,2,"30/4/2025, 11:53:50 a. m."
lIWoH0rzS-u6ZzV.0gpR6Q,i5PtP1J1jz1X3IUkgmwC,2,17,5,3,"30/4/2025, 11:53:51 a. m."
o38sVQaPSFmBlLF8-lr0oQ,i5PtP1J1jz1X3IUkgmwC,2,18,5,2,"30/4/2025, 11:53:52 a. m."
n98ZVOy1RfKVVbWCtepIaQ,i5PtP1J1jz1X3IUkgmwC,4,27,,5,"30/4/2025, 11:54:14 a. m."
qZzwpBX9Qgu7AfmrWZ9WyA,i5PtP1J1jz1X3IUkgmwC,4,26,,4,"30/4/2025, 11:54:07 a. m."
ssZIdBhcR-OI7VeCAAza2g,i5PtP1J1jz1X3IUkgmwC,4,28,,3,"30/4/2025, 11:54:15 a. m."
JukQA7JjQHOaRhaND7onDQ,i5PtP1J1jz1X3IUkgmwC,4,29,,4,"30/4/2025, 11:54:15 a. m."
58JjkRgvQkmjWd9cBGQwGQ,i5PtP1J1jz1X3IUkgmwC,4,32,,3,"30/4/2025, 11:54:17 a. m."
Hv6lBu7ASkqeTo5agFBejA,i5PtP1J1jz1X3IUkgmwC,4,30,,2,"30/4/2025, 11:54:16 a. m."
n08ejRW5QGmOlimtiMuQIA,i5PtP1J1jz1X3IUkgmwC,4,31,,3,"30/4/2025, 11:54:16 a. m."
BHk2edZ8QXK.IQ2ZGMhRAA,i5PtP1J1jz1X3IUkgmwC,5,33,,3,"30/4/2025, 11:54:37 a. m."
7ElN-xVXT06BsdodM1vEKw,i5PtP1J1jz1X3IUkgmwC,5,37,,4,"30/4/2025, 11:54:41 a. m."
Gmc4aeruRW6SGGuR3C4UEw,i5PtP1J1jz1X3IUkgmwC,5,36,,5,"30/4/2025, 11:54:41 a. m."
n29IH8ptT1uCxTGZ-5VroQ,i5PtP1J1jz1X3IUkgmwC,5,35,,3,"30/4/2025, 11:54:40 a. m."
dS6EPcl6ShWlK6cIlUqw7g,i5PtP1J1jz1X3IUkgmwC,5,34,,3,"30/4/2025, 11:54:40 a. m."
cy.RzEcwT-2WEPjlqgjF9A,i5PtP1J1jz1X3IUkgmwC,5,38,,4,"30/4/2025, 11:54:41 a. m."
7d0JuPaLRTmVZnegv38A7g,i5PtP1J1jz1X3IUkgmwC,5,39,,3,"30/4/2025, 11:54:42 a. m."
JBmvD-gfTbGYeRVcGZaqHw,To2c6JB0oURu0SVJTiVU,1,2,1,4,"10/6/2025, 7:27:24 a. m."
YJqnMoE-QPCqWXymVgJrEA,To2c6JB0oURu0SVJTiVU,1,1,1,4,"10/6/2025, 7:27:17 a. m."
3qrgtHNySpiu7pqgoAGBdQ,To2c6JB0oURu0SVJTiVU,1,3,1,4,"10/6/2025, 7:27:25 a. m."
CpnOmGaHR-Sw628oa3pDpQ,To2c6JB0oURu0SVJTiVU,1,4,1,3,"10/6/2025, 7:27:25 a. m."
X-tzUnZbSO-HYoqrNruXlA,To2c6JB0oURu0SVJTiVU,1,5,1,3,"10/6/2025, 7:27:32 a. m."
E-yNXxJjSnauBxTuNi7z4w,To2c6JB0oURu0SVJTiVU,1,6,1,4,"10/6/2025, 7:27:38 a. m."
JgMa6d9tT5ijIBxc.WHhQA,To2c6JB0oURu0SVJTiVU,1,7,1,4,"10/6/2025, 7:27:44 a. m."
FK1N1ls7SH-6yjGm.u3LJw,To2c6JB0oURu0SVJTiVU,1,8,1,4,"10/6/2025, 7:27:47 a. m."
zjboIwnNSgWt1Hk1W4rmKA,To2c6JB0oURu0SVJTiVU,1,9,1,4,"10/6/2025, 7:27:50 a. m."
5a9uNSTsQx2yowLVnFqZOQ,To2c6JB0oURu0SVJTiVU,2,10,1,4,"10/6/2025, 7:28:07 a. m."
EFRSRu8oR2O2S-3602-pKg,To2c6JB0oURu0SVJTiVU,2,12,1,3,"10/6/2025, 7:28:25 a. m."
XsFviGAVSA2GuGcUeHt9Pg,To2c6JB0oURu0SVJTiVU,2,11,1,4,"10/6/2025, 7:28:22 a. m."
19duPVnxR5qdezmN3tqTDQ,To2c6JB0oURu0SVJTiVU,2,14,1,4,"10/6/2025, 7:28:42 a. m."
XXfKZJxXRpGNNO5buuT4cg,To2c6JB0oURu0SVJTiVU,2,13,1,4,"10/6/2025, 7:28:37 a. m."
1MC4xhduRsOibbjCSLC2zQ,To2c6JB0oURu0SVJTiVU,2,15,1,4,"10/6/2025, 7:28:44 a. m."
cn5Y0F7rSBCux4lnb841FQ,To2c6JB0oURu0SVJTiVU,2,16,1,4,"10/6/2025, 7:28:45 a. m."
c2o0QjlTTGu0PgyU9L0bkA,To2c6JB0oURu0SVJTiVU,2,17,1,4,"10/6/2025, 7:28:48 a. m."
f7FhK-oHQG-WSZK4Uu05mA,To2c6JB0oURu0SVJTiVU,2,19,1,4,"10/6/2025, 7:28:57 a. m."
IAJ2HN0DSgeD0DG-WQysvw,To2c6JB0oURu0SVJTiVU,2,18,1,3,"10/6/2025, 7:29:09 a. m."
Ecdeixn2Qkum70INWQL3gQ,To2c6JB0oURu0SVJTiVU,2,10,2,3,"10/6/2025, 7:29:17 a. m."
DHxf7I40S9qUZ.isWStKPw,To2c6JB0oURu0SVJTiVU,2,11,2,4,"10/6/2025, 7:29:21 a. m."
oDUl.eqFQ8m1ZflL43soAg,To2c6JB0oURu0SVJTiVU,2,12,2,3,"10/6/2025, 7:29:24 a. m."
noW0f8mhRAaKpBGg6QpNXA,To2c6JB0oURu0SVJTiVU,2,13,2,4,"10/6/2025, 7:29:26 a. m."
gC3urQN8RGaQW9wWVtVScA,To2c6JB0oURu0SVJTiVU,2,14,2,4,"10/6/2025, 7:29:27 a. m."
gXIgAuCGRf2tQOlVJoGzxQ,To2c6JB0oURu0SVJTiVU,2,15,2,4,"10/6/2025, 7:29:29 a. m."
moxNrS7jRAKzUNEu0eB1ig,To2c6JB0oURu0SVJTiVU,2,16,2,4,"10/6/2025, 7:29:31 a. m."
TE6Qoh-TSO-qJrha7GxhDQ,To2c6JB0oURu0SVJTiVU,2,19,2,4,"10/6/2025, 7:29:38 a. m."
a-WDiLkA6T2C5AKTyu8EScQ,To2c6JB0oURu0SVJTiVU,2,17,2,3,"10/6/2025, 7:29:34 a. m."
k9tUHkHSSZ2Ic.dgLaCxtA,To2c6JB0oURu0SVJTiVU,3,20,1,3,"10/6/2025, 7:51:55 a. m."
ci7Oa2KzQZGa.PVXSQy-TQ,To2c6JB0oURu0SVJTiVU,3,21,1,3,"10/6/2025, 7:52:00 a. m."
3eWL.DcrQMaMy2Q6F-2org,To2c6JB0oURu0SVJTiVU,3,22,1,4,"10/6/2025, 7:52:01 a. m."
GPVjW6geROKZOPi5IiIt-g,To2c6JB0oURu0SVJTiVU,3,23,1,4,"10/6/2025, 7:52:04 a. m."
dEK0-HwtTwuoxaXMwaEuWQ,To2c6JB0oURu0SVJTiVU,3,24,1,4,"10/6/2025, 7:52:06 a. m."
pDzR84UKQtGk0MVWC9q5ew,To2c6JB0oURu0SVJTiVU,3,25,1,4,"10/6/2025, 7:52:11 a. m."
dhB8L8RTSYSDzBM015MQHQ,To2c6JB0oURu0SVJTiVU,3,20,2,3,"10/6/2025, 7:52:14 a. m."
amyJ728qSFqIhYO8HvVR.g,To2c6JB0oURu0SVJTiVU,3,21,2,4,"10/6/2025, 7:52:17 a. m."
4ZVpglbATxGNVpDQ-V7RKA,To2c6JB0oURu0SVJTiVU,3,22,2,4,"10/6/2025, 7:52:19 a. m."
qSDxn2N.TbCYrAUcaN9yIA,To2c6JB0oURu0SVJTiVU,3,23,2,4,"10/6/2025, 7:52:22 a. m."
la7FEyBhRM21pQ2JwlFssQ,To2c6JB0oURu0SVJTiVU,3,24,2,4,"10/6/2025, 7:52:23 a. m."
MJWsooRuSBeViJVVLIynIg,To2c6JB0oURu0SVJTiVU,3,25,2,4,"10/6/2025, 7:52:25 a. m."
vDLg-WgjQvicxRsfXg7JzA,To2c6JB0oURu0SVJTiVU,4,26,,4,"10/6/2025, 7:52:39 a. m."
GtipCEhxQGOlnk58kIu-SA,To2c6JB0oURu0SVJTiVU,4,27,,4,"10/6/2025, 7:52:49 a. m."
YoW0ehuaQSuzvNdfTPjgEg,To2c6JB0oURu0SVJTiVU,4,28,,3,"10/6/2025, 7:52:59 a. m."
b-EK1oXUSVGcldzAKzwF4Q,To2c6JB0oURu0SVJTiVU,4,29,,5,"10/6/2025, 7:53:02 a. m."
tmVXEL.sSKm.jhbS.4.rbA,To2c6JB0oURu0SVJTiVU,4,30,,3,"10/6/2025, 7:53:05 a. m."
3pGTWO9GQE6R13t6XmjN3A,To2c6JB0oURu0SVJTiVU,4,32,,4,"10/6/2025, 7:53:16 a. m."
KDhspvwLSzaLn5VvAJUORw,To2c6JB0oURu0SVJTiVU,5,33,,4,"10/6/2025, 7:53:21 a. m."
vcbDD.i5Q2a5cS8gEt8WZg,To2c6JB0oURu0SVJTiVU,5,34,,4,"10/6/2025, 7:53:24 a. m."
AbHfZeSpRQqy7agnoE6m5A,To2c6JB0oURu0SVJTiVU,5,35,,4,"10/6/2025, 7:53:30 a. m."
itIp1HptRxK9a4ND8T6EaQ,To2c6JB0oURu0SVJTiVU,5,36,,5,"10/6/2025, 7:53:32 a. m."
Kf6g.GHOSy6aZK7IjhH9Gw,To2c6JB0oURu0SVJTiVU,5,37,,4,"10/6/2025, 7:53:34 a. m."
P9nc9shPReamznZX7kRPhg,To2c6JB0oURu0SVJTiVU,5,38,,5,"10/6/2025, 7:53:36 a. m."
ac.rThjERLu0sOXs3QdmQQ,To2c6JB0oURu0SVJTiVU,5,39,,4,"10/6/2025, 7:53:38 a. m."
EfV45AaoTvSREUItfD2pWA,To2c6JB0oURu0SVJTiVU,1,1,2,4,"10/6/2025, 7:53:45 a. m."
Zir8IgDWSUujl0isIqFmpw,To2c6JB0oURu0SVJTiVU,1,2,2,4,"10/6/2025, 7:53:47 a. m."
5dKRVGi9T7ORsQ7dx99SwA,To2c6JB0oURu0SVJTiVU,1,3,2,4,"10/6/2025, 7:53:49 a. m."
DVK3zT.ISVezrpVJQDXM4w,To2c6JB0oURu0SVJTiVU,1,4,2,4,"10/6/2025, 7:53:53 a. m."
1gX06.LbSH2vd96oczbF1Q,To2c6JB0oURu0SVJTiVU,1,5,2,4,"10/6/2025, 7:53:57 a. m."
3V-quys9QBCPLnfiZB.MsQ,To2c6JB0oURu0SVJTiVU,1,6,2,4,"10/6/2025, 7:54:00 a. m."
WC-RKCDOQJWqbS5NcTjoDQ,To2c6JB0oURu0SVJTiVU,1,7,2,4,"10/6/2025, 7:54:02 a. m."
hPapnPMlSq-JCF9FKCBHsg,To2c6JB0oURu0SVJTiVU,1,8,2,4,"10/6/2025, 7:54:03 a. m."
P7g1vngbTqe4H5aETnnGwg,To2c6JB0oURu0SVJTiVU,1,9,2,4,"10/6/2025, 7:54:05 a. m."
E1BjTvw.RbCTZFTm1EbThg,E5AJ2WdkJljRRXHt8qwa,1,9,1,5,"5/7/2025, 12:49:43 p. m."
1biozM5BTs-5946LOTSNew,E5AJ2WdkJljRRXHt8qwa,1,8,1,4,"5/7/2025, 12:49:40 p. m."
IWgPN46fTwiJ2cfO3a.WYQ,E5AJ2WdkJljRRXHt8qwa,1,7,1,4,"5/7/2025, 12:49:39 p. m."
IToj9nJrQQmjLCvyvKm0kw,E5AJ2WdkJljRRXHt8qwa,1,1,1,3,"5/7/2025, 12:50:08 p. m."
q4wnJTpZTs6yoZCXcnUbXw,E5AJ2WdkJljRRXHt8qwa,1,2,1,3,"5/7/2025, 12:50:08 p. m."
13fKDYF4Q2Cn6LIbqQh99Q,E5AJ2WdkJljRRXHt8qwa,1,4,1,4,"5/7/2025, 12:50:08 p. m."
mgnYWBe5RfuFBd2FdSFbKA,E5AJ2WdkJljRRXHt8qwa,1,3,1,3,"5/7/2025, 12:50:08 p. m."
LbNgiLzaRPW7plJ5UzXe7Q,E5AJ2WdkJljRRXHt8qwa,1,6,1,5,"5/7/2025, 12:50:16 p. m."
CJ3JdCo3SpqaAJ4.PQU2KA,E5AJ2WdkJljRRXHt8qwa,1,5,1,4,"5/7/2025, 12:50:08 p. m."
qAporZcWRIKBZazCIsdYpQ,E5AJ2WdkJljRRXHt8qwa,2,19,1,4,"5/7/2025, 12:50:46 p. m."
ps323PmMRoyFvCddmwhcpA,E5AJ2WdkJljRRXHt8qwa,2,18,1,3,"5/7/2025, 12:50:46 p. m."
NxxfUzL8Qoaq8pFkNzwGzg,E5AJ2WdkJljRRXHt8qwa,2,17,1,4,"5/7/2025, 12:50:46 p. m."
5e8kththScSm1mrswPaF3w,E5AJ2WdkJljRRXHt8qwa,2,16,1,4,"5/7/2025, 12:50:46 p. m."
hyPVt0XZQMmUMOB.PhoYaQ,E5AJ2WdkJljRRXHt8qwa,2,15,1,4,"5/7/2025, 12:50:46 p. m."
nGjQmajASbqyx-KaIqOzwg,E5AJ2WdkJljRRXHt8qwa,2,14,1,4,"5/7/2025, 12:50:46 p. m."
XwrOeKWqSIyvUVYyrmb6GQ,E5AJ2WdkJljRRXHt8qwa,2,13,1,5,"5/7/2025, 12:50:46 p. m."
sa5G2wtBTFy-dPCeXrGcrA,E5AJ2WdkJljRRXHt8qwa,2,12,1,3,"5/7/2025, 12:50:46 p. m."
J7C3BxoMQaW4eJIKlaIpQg,E5AJ2WdkJljRRXHt8qwa,2,10,1,4,"5/7/2025, 12:50:56 p. m."
E.hhv2StRaC4Gkau9nSUbA,E5AJ2WdkJljRRXHt8qwa,2,11,1,3,"5/7/2025, 12:50:56 p. m."
JWDNtttUR0OlFUaqQ0D3IA,E5AJ2WdkJljRRXHt8qwa,3,25,1,4,"5/7/2025, 12:51:26 p. m."
wJQ-xEKxQzaIcL8zZUROKQ,E5AJ2WdkJljRRXHt8qwa,3,24,1,5,"5/7/2025, 12:51:26 p. m."
xyBsp5Y3QHmmuFfu3amEKQ,E5AJ2WdkJljRRXHt8qwa,3,23,1,3,"5/7/2025, 12:51:30 p. m."
LQlYMvyuQ.CXrT9A5Patvw,E5AJ2WdkJljRRXHt8qwa,3,22,1,4,"5/7/2025, 12:51:26 p. m."
OWEN.uipSh6Cuox00zpYkQ,E5AJ2WdkJljRRXHt8qwa,3,21,1,4,"5/7/2025, 12:51:26 p. m."
nz3hved2Rmq9k-KoombYoQ,E5AJ2WdkJljRRXHt8qwa,3,20,1,4,"5/7/2025, 12:51:36 p. m."
O3sHv.jaTqKmCAAg1FK8sg,E5AJ2WdkJljRRXHt8qwa,4,32,,4,"5/7/2025, 12:51:54 p. m."
VwzXDdlxTjuPCxMHGxvlPg,E5AJ2WdkJljRRXHt8qwa,4,31,,4,"5/7/2025, 12:51:53 p. m."
MNn.VllFR7yF3nVqZOcBZw,E5AJ2WdkJljRRXHt8qwa,4,30,,4,"5/7/2025, 12:51:56 p. m."
qfB9FttpT1OEJW9qW0dLZw,E5AJ2WdkJljRRXHt8qwa,4,29,,4,"5/7/2025, 12:51:56 p. m."
reCn4OMlT-W6vuNVOJ7Tiw,E5AJ2WdkJljRRXHt8qwa,4,27,,4,"5/7/2025, 12:51:56 p. m."
Oe4Zw0YmQrK8lVAuCxG6Ag,E5AJ2WdkJljRRXHt8qwa,4,28,,4,"5/7/2025, 12:51:56 p. m."
9nJ0dYYTTpSOASt9ip8PKg,E5AJ2WdkJljRRXHt8qwa,4,26,,4,"5/7/2025, 12:51:56 p. m."
BmmbvOFRRUKYqcIFUT0Q3g,E5AJ2WdkJljRRXHt8qwa,5,38,,4,"5/7/2025, 12:52:16 p. m."
yf8XaD5YSAuUkUi1kgw.Sw,E5AJ2WdkJljRRXHt8qwa,5,39,,3,"5/7/2025, 12:52:16 p. m."
z0XDjwefTPefX2L5xEPIOw,E5AJ2WdkJljRRXHt8qwa,5,37,,4,"5/7/2025, 12:52:16 p. m."
MH-VN7MQQamSGhb4pk49Fw,E5AJ2WdkJljRRXHt8qwa,5,36,,4,"5/7/2025, 12:52:16 p. m."
60ZhVw-ZQhuVQ8SxY3nWWw,E5AJ2WdkJljRRXHt8qwa,5,35,,4,"5/7/2025, 12:52:16 p. m."
Ehazbn.7ShCUkyNfZLQoPg,E5AJ2WdkJljRRXHt8qwa,5,34,,4,"5/7/2025, 12:52:16 p. m."
1DOq9uiFTEumQV9QpdfqjA,E5AJ2WdkJljRRXHt8qwa,5,33,,4,"5/7/2025, 12:52:20 p. m."
aPSeesR6TQiM0xlfz3ANhw,,5,33,,4,"25/7/2025, 2:24:20 p. m."
YdEdqjQHS2qsbEvaN-4wzg,,5,34,,4,"25/7/2025, 2:24:28 p. m."
nYTlHhZtTWCuGQFV74lN5g,,5,35,,4,"25/7/2025, 2:24:49 p. m."
KZlC8tQjSCyjKo0YEjYHjw,,5,36,,5,"25/7/2025, 2:25:02 p. m."
4.Ijw02QTr2WYPMiG.N4KA,,5,37,,4,"25/7/2025, 2:25:40 p. m."
coUKgGTuT8aCLHwDv1DCFw,,5,39,,3,"25/7/2025, 2:25:46 p. m."
U0yLFWJDTgibjahSORiX3A,,5,38,,4,"25/7/2025, 2:25:42 p. m."
jN2XDbNXRyOG0YmXBd48kw,,4,26,,3,"25/7/2025, 2:26:18 p. m."
a.Jl.kXmgRGm-O.PT6q6LLg,,4,27,,4,"25/7/2025, 2:26:22 p. m."
JOlcY1CpSZG1cdzQRBnCWw,,4,28,,3,"25/7/2025, 2:26:28 p. m."
fiCKGbJQTbiJwZY9TqBUEA,,4,29,,4,"25/7/2025, 2:26:32 p. m."
o4hDx83pSsy5WAoBGViOrg,,4,30,,3,"25/7/2025, 2:26:33 p. m."
Y.wEpkWsTnmMsMaNCMtBWQ,,3,20,1,4,"25/7/2025, 2:26:48 p. m."
b708QoKUSAG0t2S6MMjcwA,,4,32,,4,"25/7/2025, 2:26:38 p. m."
h.Z1uhlDQyukdFbKENPs.Q,,3,22,1,4,"25/7/2025, 2:27:07 p. m."
SeEaiRxKTM2f282JnMLNnQ,,3,21,1,4,"25/7/2025, 2:26:55 p. m."
MXGmwvIDQleryDoP35nILQ,,3,23,1,4,"25/7/2025, 2:27:10 p. m."
wFFU-xKyQWatbMKGGy1wog,,3,22,2,4,"25/7/2025, 2:27:28 p. m."
7WjC6iBhT.y12dv5h--xvw,,3,21,2,4,"25/7/2025, 2:27:26 p. m."
3aLmbASnR4e75ZyQw3mDuw,,3,24,1,4,"25/7/2025, 2:27:12 p. m."
a-TV7NP-mSP6u1vGpXcQT.Q,,3,25,1,4,"25/7/2025, 2:27:17 p. m."
PSpJSzjITGCYZoi4vhhTxA,,3,20,2,4,"25/7/2025, 2:27:25 p. m."
dULcb.rDSgSliAkw8Ot9wQ,,3,20,3,4,"25/7/2025, 2:28:06 p. m."
VxZI-UhNSDGI9lXPe7X1CQ,,3,25,2,4,"25/7/2025, 2:27:37 p. m."
BPXwBVgSRYiwVpXzcrSnvw,,3,23,2,4,"25/7/2025, 2:27:33 p. m."
FxRGA1.XTR2eV4-A3kMbWQ,,3,23,3,4,"25/7/2025, 2:28:16 p. m."
ds3mGAafTbmovP7EgWzURg,,3,22,3,5,"25/7/2025, 2:28:15 p. m."
kOlasMB7RdmB.rwoKEU2Vw,,3,21,3,5,"25/7/2025, 2:28:09 p. m."
fEQDJ92IRZWBAdxmtII0tw,,3,24,2,4,"25/7/2025, 2:27:36 p. m."
GxCU44K9TNO6dI11d64GuA,,3,24,3,4,"25/7/2025, 2:28:18 p. m."
a-9f5eOQaSiisUYu9zvsbqw,,3,25,3,4,"25/7/2025, 2:28:20 p. m."
oGSr0vetRye7ki0nbbM2ZQ,,3,23,4,4,"25/7/2025, 2:28:48 p. m."
mYDHyN1mSDeTEUBbIs.FuQ,,3,22,4,4,"25/7/2025, 2:28:45 p. m."
PLKzJg9KRcWjdboLHAbkXQ,,3,20,4,3,"25/7/2025, 2:28:45 p. m."
wKKDCcRbSNmHlVgKOUeqqQ,,3,25,4,4,"25/7/2025, 2:28:51 p. m."
0TCYSg30TPus3N5.YlQhQg,,2,10,1,4,"25/7/2025, 2:29:01 p. m."
A5sEu1coR-m9--ZvjGso8w,,3,24,4,4,"25/7/2025, 2:28:50 p. m."
v9RwJID-Twazgbjuu2f3FQ,,3,21,4,4,"25/7/2025, 2:28:45 p. m."
nYIqIPRyRrecSLAdFrawFA,,2,12,1,4,"25/7/2025, 2:29:07 p. m."
vcjSqe-SQ.OADZdLRMCtYA,,2,11,1,4,"25/7/2025, 2:29:05 p. m."
a.YhQQnzRSIWIId9TD9bOBw,,2,13,1,4,"25/7/2025, 2:29:45 p. m."
bNbmRjN8SAaQPTBKijzinA,,2,14,1,4,"25/7/2025, 2:29:58 p. m."
i1uROdRmQT-p1xSUbQ7TOA,,2,15,1,4,"25/7/2025, 2:30:03 p. m."
NimZWvV9Qx2WX77yUaJ2Iw,,2,16,1,4,"25/7/2025, 2:30:07 p. m."
Q78VK0pIR3qOtsLDl4QdMw,,2,17,1,3,"25/7/2025, 2:30:13 p. m."
4bi.lwEIRx6YyHv-YNQTvg,,2,19,1,3,"25/7/2025, 2:30:18 p. m."
8YagrMLMQLOP4NvMSnvb3Q,,2,10,2,4,"25/7/2025, 2:30:55 p. m."
EV-r79OxR2qCUiRAfWWxmw,,2,11,2,4,"25/7/2025, 2:30:57 p. m."
ynq3kiJqRvWkUUwZTA8q5w,,2,12,2,4,"25/7/2025, 2:31:21 p. m."
wNNkAxrwSd-OkDbzBz43Ow,,2,13,2,4,"25/7/2025, 2:32:25 p. m."
AZCoKaNiTyWlavQs8wYCRQ,,2,14,2,4,"25/7/2025, 2:32:29 p. m."
ZfiYgnZBQhmTzJC9ZKG8Pg,,2,15,2,4,"25/7/2025, 2:32:31 p. m."
RS2BifNlQ5OWiXYyPYiSuQ,,2,16,2,4,"25/7/2025, 2:32:33 p. m."
8UEp1RowQCqu0duXaUCJog,,2,17,2,3,"25/7/2025, 2:32:35 p. m."
a.hUJ01AgRuKT4OEaHfCSUg,,2,19,2,3,"25/7/2025, 2:32:37 p. m."
yegeWGRxSXKKL6wt6X2B4w,,2,10,3,4,"25/7/2025, 2:33:02 p. m."
i.upgL0gSm20SXH0HKlYUw,,2,12,3,4,"25/7/2025, 2:33:05 p. m."
2Xe.qqUUS025WfHfVIlS8w,,2,11,3,4,"25/7/2025, 2:33:05 p. m."
cJj69wPES6mmsE64nKHO-g,,2,13,3,4,"25/7/2025, 2:33:15 p. m."
ClQGRd8VQIa7cTfucTxtfQ,,2,14,3,4,"25/7/2025, 2:34:08 p. m."
DSzS4Na8R7yoA1wR2WSzYg,,2,15,3,4,"25/7/2025, 2:34:10 p. m."
ilrpYy61RtmJT9rraVn77w,,2,16,3,4,"25/7/2025, 2:34:15 p. m."
EZx0HrE8Tqqayiv-rs4H0Q,,2,17,3,4,"25/7/2025, 2:34:17 p. m."
eVlNaZGgSwuyRaijAIcEjQ,,2,19,3,4,"25/7/2025, 2:34:19 p. m."
K-fzTHP7STuK.G6-9x.1rA,,2,11,4,4,"25/7/2025, 2:34:32 p. m."
yZ1jZHRzRgOD..yacUp0fA,,2,10,4,4,"25/7/2025, 2:34:31 p. m."
3yvo1fKZT8qOOQo850nThA,,2,12,4,4,"25/7/2025, 2:34:35 p. m."
yRYmpNCMSS6Hi9kAiI3tYw,,2,13,4,4,"25/7/2025, 2:34:41 p. m."
UjSyYPZJQcuqNcOalM4dRg,,2,14,4,4,"25/7/2025, 2:34:42 p. m."
2LzP2gFrQaexkLDEexkQfQ,,2,15,4,4,"25/7/2025, 2:34:46 p. m."
wyskbvhCR4idPZUplYkgWg,,2,15,4,3,"25/7/2025, 2:34:50 p. m."
Lujn94tNRyWk.bhd8vouKg,,2,16,4,4,"25/7/2025, 2:34:57 p. m."
aDIOx.yKQoSMxpzTsGn1gw,,2,17,4,3,"25/7/2025, 2:35:18 p. m."
QVJ5ACliRte1fvgzmmKcJg,,2,19,4,4,"25/7/2025, 2:35:20 p. m."
GRUpDGT4TWCHWa3uWXxANg,,1,2,4,4,"25/7/2025, 2:36:20 p. m."
sjDd514pTcG2WD6U42ygKA,,1,1,4,4,"25/7/2025, 2:36:17 p. m."
GLgV2mKYQRK8W6bilzdZ4A,,1,4,4,4,"25/7/2025, 2:37:11 p. m."
AyPViPxiSLijWSllI2YUJQ,,1,5,4,3,"25/7/2025, 2:37:16 p. m."
bxG6gNTTQkexpybCt.DNlg,,1,6,4,3,"25/7/2025, 2:37:21 p. m."
W4jDerjFSuy4VVAaDj-ECA,,1,7,4,3,"25/7/2025, 2:37:26 p. m."
a.zxS6RugRm2q3xnuT1KOvg,,1,8,4,4,"25/7/2025, 2:37:28 p. m."
B2BI9OAARvu2GVoG3jMsTQ,,1,9,4,4,"25/7/2025, 2:37:31 p. m."
1bFFn1-jQzOuWm029IB9jw,,1,1,1,4,"6/8/2025, 12:24:37 a. m."
1K-4PxWpQdSY.mo.CfMCdA,,1,3,1,3,"6/8/2025, 12:24:37 a. m."
uZO6k-J-T0SZJJcg.cHy8Q,,1,2,1,4,"6/8/2025, 12:24:37 a. m."
MEpT8HhKTge0Wy6DdZWfTg,,1,4,1,4,"6/8/2025, 12:24:37 a. m."
imB3XU9VRbmdg-drV1kUUg,,1,5,1,4,"6/8/2025, 12:24:37 a. m."
m.JQ4gtYTXeAs53LBohitw,,1,7,1,2,"6/8/2025, 12:24:37 a. m."
4RDSCPXfTwGSGMXv4ELabg,,1,6,1,3,"6/8/2025, 12:24:37 a. m."
e4dLw8wAQc2oolJz2EZupg,,1,8,1,4,"6/8/2025, 12:24:47 a. m."
44-0ph6LSgGw8vmTJYgb8g,,1,9,1,4,"6/8/2025, 12:24:47 a. m."
veGysQ5pR3-PPlRfubkRaA,,1,1,2,3,"6/8/2025, 12:25:09 a. m."
aTW4o7.hRv6E4C-xwxskfw,,1,2,2,4,"6/8/2025, 12:25:25 a. m."
yAO5nRCWRCa3SpR8isy0og,,1,3,2,3,"6/8/2025, 12:25:30 a. m."
5XiFOPhdQW6etMDfHEWKlg,,1,4,2,3,"6/8/2025, 12:25:37 a. m."
EYx4HQLKRg667IfXNfbUFA,,1,5,2,4,"6/8/2025, 12:25:38 a. m."
R9innZBkSwqgqikDJ7p66g,,1,6,2,4,"6/8/2025, 12:25:41 a. m."
mIcVLMC9Q2OXcidWEfjRIw,,1,7,2,4,"6/8/2025, 12:25:43 a. m."
X8dsV.jUT6q8nYwyFL1G.w,,1,8,2,4,"6/8/2025, 12:25:45 a. m."
HpU7ZYlxQnW7zr6OoyIcNg,,1,9,2,5,"6/8/2025, 12:25:49 a. m."
j.TVRmt3R0OewJsQyoy2.A,,1,1,3,4,"6/8/2025, 12:25:54 a. m."
JMoSE.IiTx2E2y09d1y.rQ,,1,2,3,4,"6/8/2025, 12:25:56 a. m."
wH65KXNNRAGokz2oRnvq5A,,1,3,3,2,"6/8/2025, 12:25:59 a. m."
g6LRspx-Q3CaXluwfQfQ2g,,1,4,3,3,"6/8/2025, 12:26:05 a. m."
qgXnkQeYSRWopYViEk52AQ,,1,5,3,3,"6/8/2025, 12:26:12 a. m."
B8Bjw0f8TPuy2jQAhavSbw,,1,6,3,4,"6/8/2025, 12:26:13 a. m."
mUyghHMlS.2pXthmBT3Q7Q,,1,6,3,3,"6/8/2025, 12:26:16 a. m."
0BRHFPkETCOkaie4oZwyzQ,,1,7,3,4,"6/8/2025, 12:26:19 a. m."
LrFPJaLlRuumXsQK1Uu-Pw,,1,8,3,3,"6/8/2025, 12:26:22 a. m."
eYma7S0ZS5-U-fv4i2g1jw,,1,9,3,4,"6/8/2025, 12:26:23 a. m."
NN52mb99Q76jaVYfxcFP4w,,1,1,4,3,"6/8/2025, 12:26:30 a. m."
FrmTg7dYTmW7yVcttfAOow,,1,2,4,4,"6/8/2025, 12:26:37 a. m."
6kBPHpm8SHOBzIVbBPbvgg,,1,3,4,2,"6/8/2025, 12:26:42 a. m."
VEkxPhqxQBGMqnf2DdUKbQ,,1,4,4,3,"6/8/2025, 12:26:47 a. m."
QgxGrGu9QVGb3.4c3BRNSg,,1,5,4,4,"6/8/2025, 12:26:51 a. m."
GD.bcjNoSM-06tDFTeVjfw,,1,6,4,4,"6/8/2025, 12:26:52 a. m."
aHI4MLUDRC68Nv84t4onuw,,1,7,4,3,"6/8/2025, 12:26:54 a. m."
Ao8yfgPmRimr7c4vJSoedQ,,1,8,4,3,"6/8/2025, 12:26:56 a. m."
RdhknX0kRSyHfysNTko.rw,,1,9,4,4,"6/8/2025, 12:26:59 a. m."
ylAZlTUKTN6BqVT8BOqf1Q,,2,10,1,5,"6/8/2025, 12:27:12 a. m."
3ALpL0wwTmCUqX-jy6FcCQ,,2,11,1,3,"6/8/2025, 12:27:14 a. m."
acLO6d1pRHe60oafBsZpEA,,2,12,1,3,"6/8/2025, 12:27:17 a. m."
kBIhTxp4TPuxUdX0J1xWWg,,2,13,1,4,"6/8/2025, 12:27:21 a. m."
NCl79URjQP6-IJ0wVSndPQ,,2,14,1,4,"6/8/2025, 12:27:24 a. m."
7zbvEYG4S4aHbkxjy-u3wg,,2,13,1,3,"6/8/2025, 12:27:27 a. m."
3QP5ZvxyQaCkCRl9Y5GESg,,2,15,1,2,"6/8/2025, 12:27:31 a. m."
a.f97gn8YR-6.gQiDUOxexw,,2,16,1,2,"6/8/2025, 12:27:33 a. m."
iWp7pAycS6WO29dpR4qVKg,,2,17,1,3,"6/8/2025, 12:27:35 a. m."
1RaDDBNXTZiCBdOWPLEvOw,,2,18,1,3,"6/8/2025, 12:27:38 a. m."
JRnjZW1tSxuFLSYOZiqr2g,,2,19,1,3,"6/8/2025, 12:27:41 a. m."
PDkLtT4ZQiyrVjm2TM0Axw,,2,10,2,4,"6/8/2025, 12:27:49 a. m."
bTuw4SC1RJ6rwA3nuNJLUQ,,2,11,2,4,"6/8/2025, 12:27:52 a. m."
sJhabC9YSiunA4WHACpcaQ,,2,12,2,3,"6/8/2025, 12:27:55 a. m."
uB.HcimxRXagQMJeuBto3Q,,2,13,2,3,"6/8/2025, 12:27:58 a. m."
Iq6sIQdUTWq49f0vx.Rssw,,2,14,2,4,"6/8/2025, 12:27:59 a. m."
kuaXgb9KRoys9SGTBcuNpg,,2,15,2,3,"6/8/2025, 12:28:01 a. m."
d6SVLg7OS1SsXDC.SML9iw,,2,16,2,3,"6/8/2025, 12:28:04 a. m."
41tVpRG.ToeDnPk8746KEQ,,2,17,2,3,"6/8/2025, 12:28:33 a. m."
rizRErOST0eFIjhSfJcW1A,,2,18,2,3,"6/8/2025, 12:28:38 a. m."
lAGxK.nnQnmtocD4ElGNNw,,2,19,2,3,"6/8/2025, 12:28:41 a. m."
a.xs3PK7AQl2PFakcnwW7EQ,,2,10,3,4,"6/8/2025, 12:28:48 a. m."
PjjUHJ4-Q.a95gkV-vaZvA,,2,11,3,4,"6/8/2025, 12:28:49 a. m."
DwD6A4IwRfWf2wq.H.0qKw,,2,12,3,4,"6/8/2025, 12:28:51 a. m."
KKOqJqtISneWT-RbVz8DXg,,2,13,3,4,"6/8/2025, 12:28:53 a. m."
SR7p2E6uTqa5nfzsNURP2w,,2,14,3,4,"6/8/2025, 12:28:54 a. m."
k9lcM.6tRZ6acB-8VUO0zQ,,2,15,3,4,"6/8/2025, 12:28:58 a. m."
Y5igOkfOS1WlFNPvvRNp3g,,2,16,3,4,"6/8/2025, 12:28:59 a. m."
I.pYD7clRvG4lKhnuXmO8w,,2,17,3,4,"6/8/2025, 12:29:01 a. m."
x6.44Q4ARkeAPktlU8hQgQ,,2,18,3,4,"6/8/2025, 12:29:10 a. m."
ORj-wzqeRVeSL.3ydog7lA,,2,19,3,3,"6/8/2025, 12:29:11 a. m."
TMSvUC8mRIGClJKItsTd-w,,2,10,4,4,"6/8/2025, 12:29:26 a. m."
vN0eKGvpQP-NB-ShhdELpw,,2,11,4,4,"6/8/2025, 12:29:28 a. m."
1Xbh4yQYSLa3DT.Q33Il1g,,2,12,4,4,"6/8/2025, 12:29:29 a. m."
zlyFY3gmStm7CXShh-LYCA,,2,13,4,4,"6/8/2025, 12:29:36 a. m."
1YENc9XCRO2AHCfiRNeeHQ,,2,14,4,4,"6/8/2025, 12:29:38 a. m."
a.T5RTVQYSculwc54GaLE.g,,2,15,4,4,"6/8/2025, 12:29:40 a. m."
KnDxas3KQnGG4rkj10VszA,,2,16,4,4,"6/8/2025, 12:29:42 a. m."
hK0WKKNbQLOHgs4.zISi-w,,2,17,4,4,"6/8/2025, 12:29:44 a. m."
pEkJxe3DQ9Ch83WWyTD9qQ,,2,18,4,4,"6/8/2025, 12:29:46 a. m."
puPxql3ESle9DsJdwtvexA,,2,19,4,3,"6/8/2025, 12:29:48 a. m."
l.8C1Go1SJuManieZtwMTw,,3,20,1,4,"6/8/2025, 12:30:14 a. m."
D3DWSu3YT7-cVcihQM-ZIw,,3,21,1,4,"6/8/2025, 12:30:18 a. m."
ODj8annwTrC3a5h1k1FlBg,,3,22,1,4,"6/8/2025, 12:30:24 a. m."
jusjoPIbTc2McfBuLB0r3w,,3,23,1,3,"6/8/2025, 12:30:26 a. m."
34-fXhmPRZ6q2Q.EaQcrCg,,3,24,1,3,"6/8/2025, 12:30:28 a. m."
jhzyIBcnRbid3YFEjbPogQ,,3,25,1,3,"6/8/2025, 12:30:30 a. m."
hR0TpwHOQ7GXSb3F1HJkDg,,3,20,2,5,"6/8/2025, 12:30:34 a. m."
Fv0EbQQ0Q7KS1DlPOCqfUA,,3,21,2,4,"6/8/2025, 12:30:36 a. m."
wa12YKVuQciGGAghc3PSuA,,3,22,2,4,"6/8/2025, 12:30:38 a. m."
xNsdFQ6wS1OwFnpMdhZBgQ,,3,23,2,3,"6/8/2025, 12:30:40 a. m."
Xrf-88D-TLaGsaThgev4mA,,3,24,2,3,"6/8/2025, 12:30:42 a. m."
kB-moNHcRJuKrYbNMFzAgw,,3,25,2,4,"6/8/2025, 12:30:44 a. m."
IanDxCPhSSmMmgF6PIp6MQ,,3,20,3,3,"6/8/2025, 12:30:53 a. m."
6Fd6.vTWT5GNRMM9tmeArw,,3,21,3,4,"6/8/2025, 12:30:55 a. m."
a-xTXbSjhRLSxNcV5K1vOiQ,,3,22,3,4,"6/8/2025, 12:30:56 a. m."
THF5xx7XT7i5dqFUaNZgjw,,3,24,3,4,"6/8/2025, 12:31:02 a. m."
PES.e.urSH2A8TFYBorq8A,,3,23,3,3,"6/8/2025, 12:31:03 a. m."
Pq26DGjPTUWw1mUcjavuEw,,3,25,3,4,"6/8/2025, 12:31:12 a. m."
es61M9qpR7yVI-ub91h-uA,,3,20,4,3,"6/8/2025, 12:31:18 a. m."
oV7mbndDTw-shrid-krWWQ,,3,21,4,4,"6/8/2025, 12:31:20 a. m."
a.NCVfY1HREGyuPyYecnqpQ,,3,22,4,3,"6/8/2025, 12:31:22 a. m."
8hD3y1b6Q9OepFr4DADQMA,,3,23,4,4,"6/8/2025, 12:31:29 a. m."
eCT-HbqVT7qyHt7suh7rRA,,3,24,4,4,"6/8/2025, 12:31:30 a. m."
faICJjH9T1CK1ilpP96yRw,,3,25,4,4,"6/8/2025, 12:31:32 a. m."
65DvsaUxRqmG6QS2XY096g,,4,26,,2,"6/8/2025, 12:31:44 a. m."
XaGtYRObTTCgkenRr1yiow,,4,27,,4,"6/8/2025, 12:31:46 a. m."
I.SmxJo6TgKfHYCheBAYfA,,4,28,,3,"6/8/2025, 12:31:48 a. m."
MAo0D5cCRK6mWWc7VxmS-w,,4,29,,4,"6/8/2025, 12:31:50 a. m."
ebdx5dKjTq6hsu5Bwf8pPQ,,4,29,,3,"6/8/2025, 12:31:52 a. m."
srkEiX0fR3-qXrE4Tpsw3Q,,4,30,,3,"6/8/2025, 12:31:55 a. m."
aDrTugIQRRKbI.jmA7AyiA,,4,31,,4,"6/8/2025, 12:31:58 a. m."
j4A5RrLRQdKbf8dIl009mw,,4,32,,3,"6/8/2025, 12:32:01 a. m."
SxtG-NU9SO6ZumkIWog6Lw,,5,33,,4,"6/8/2025, 12:32:08 a. m."
aJGcvy8hR0CV4UPeSI53ig,,5,34,,3,"6/8/2025, 12:32:13 a. m."
UsM275LmT6aChB-4KMl0jQ,,5,35,,3,"6/8/2025, 12:32:16 a. m."
Mp1AvphWSAWEMjmjPQiadA,,5,36,,4,"6/8/2025, 12:32:18 a. m."
qurfca6GTri1XKfOIHyd5Q,,5,37,,3,"6/8/2025, 12:32:20 a. m."
i77U-gcnQ2iiQnPF.yjxKA,,5,38,,4,"6/8/2025, 12:32:23 a. m."
UvYdB088TOiOhufCRo5ZSA,,5,39,,3,"6/8/2025, 12:32:26 a. m."
mRrnK.sBTyyysm8wWC0msw,ytIauecWazTAXUs4yELa,3,20,1,4,"22/9/2025, 6:35:28 a. m."
9SufZaSNQlO4ABNxSoLyyg,ytIauecWazTAXUs4yELa,3,21,1,4,"22/9/2025, 6:35:32 a. m."
qq75zKjWQD-9Mah6P6lqJA,ytIauecWazTAXUs4yELa,3,22,1,5,"22/9/2025, 6:35:34 a. m."
0MBkOQIYSsmMbHoOuF8F7w,ytIauecWazTAXUs4yELa,3,23,1,4,"22/9/2025, 6:35:37 a. m."
lWnHFVWFSyiSEw-XSCuJtg,ytIauecWazTAXUs4yELa,3,24,1,4,"22/9/2025, 6:35:39 a. m."
0cqcsAB7QQm1b0t8pSMpGg,ytIauecWazTAXUs4yELa,3,25,1,4,"22/9/2025, 6:35:41 a. m."
O0YY4DKrSBiy-fKHEJ096Q,ytIauecWazTAXUs4yELa,3,20,2,4,"22/9/2025, 6:35:48 a. m."
fpxP4FmvSs2jaf1oodqZTg,ytIauecWazTAXUs4yELa,3,21,2,4,"22/9/2025, 6:35:50 a. m."
h8j0vG-ZQQ6jiG0L.X.2BQ,ytIauecWazTAXUs4yELa,3,22,2,5,"22/9/2025, 6:35:53 a. m."
SHNRqMyvSmaJNqG4XHqhOg,ytIauecWazTAXUs4yELa,3,23,2,4,"22/9/2025, 6:35:58 a. m."
RZL41NgKSu6Ofor8klJ8AA,ytIauecWazTAXUs4yELa,3,24,2,4,"22/9/2025, 6:36:00 a. m."
wjaicvz4TDaXniTwZYiU4g,ytIauecWazTAXUs4yELa,3,25,2,4,"22/9/2025, 6:36:01 a. m."
1WciXaVCQcGHd1HmxjiRXw,ytIauecWazTAXUs4yELa,3,20,3,4,"22/9/2025, 6:36:08 a. m."
RHAdMInrR8qlCLnIY28MCw,ytIauecWazTAXUs4yELa,3,21,3,4,"22/9/2025, 6:36:09 a. m."
Kjsyw7waR42pUErJsnMz9Q,ytIauecWazTAXUs4yELa,3,22,3,4,"22/9/2025, 6:36:10 a. m."
j8giAUJARD2qkUY.-YUsLA,ytIauecWazTAXUs4yELa,3,23,3,4,"22/9/2025, 6:36:12 a. m."
yUARmiBGSp6m3XR6kUPEzA,ytIauecWazTAXUs4yELa,3,24,3,4,"22/9/2025, 6:36:13 a. m."
i5mTgyvGTV2535F.I36uqg,ytIauecWazTAXUs4yELa,3,25,3,4,"22/9/2025, 6:36:14 a. m."
Dy49hPscSB22M-pykN0sDw,ytIauecWazTAXUs4yELa,3,20,4,4,"22/9/2025, 6:36:21 a. m."
PkeL3tYbQQi3lylly2AuwA,ytIauecWazTAXUs4yELa,3,21,4,4,"22/9/2025, 6:36:22 a. m."
x82mItR3T2qnRlwqG48p9g,ytIauecWazTAXUs4yELa,3,22,4,4,"22/9/2025, 6:36:23 a. m."
a-2Klh0uFTg6-a0ojyexAgA,ytIauecWazTAXUs4yELa,3,23,4,4,"22/9/2025, 6:36:24 a. m."
ie.UsRvWTJGMXMWxRC5uyg,ytIauecWazTAXUs4yELa,3,24,4,4,"22/9/2025, 6:36:25 a. m."
B.n9SbkSTFG-oZ7QsQFqcA,ytIauecWazTAXUs4yELa,3,25,4,4,"22/9/2025, 6:36:26 a. m."
LtgDSp1IQkq1zOnIBV9OLA,ytIauecWazTAXUs4yELa,3,20,5,3,"22/9/2025, 6:36:32 a. m."
uMaVW5p0Skm7gFNO4K-ebw,ytIauecWazTAXUs4yELa,3,21,5,4,"22/9/2025, 6:36:36 a. m."
zUvl2201QmOW-BE.r6y3Rw,ytIauecWazTAXUs4yELa,3,22,5,4,"22/9/2025, 6:36:38 a. m."
NKPkgRRhQFCX3VPfId.0Dg,ytIauecWazTAXUs4yELa,3,23,5,3,"22/9/2025, 6:36:42 a. m."
Cza34jZgS5Cm3GabqEUyjw,ytIauecWazTAXUs4yELa,3,24,5,4,"22/9/2025, 6:36:45 a. m."
rHNqlaFXSwetVCRM4vMPnQ,ytIauecWazTAXUs4yELa,3,25,5,4,"22/9/2025, 6:36:46 a. m."
Dq0oFzkYRSadxxDTJxOLfQ,ytIauecWazTAXUs4yELa,2,10,1,4,"22/9/2025, 6:36:53 a. m."
2g5xx4oQTzG31lUoEbYobQ,ytIauecWazTAXUs4yELa,2,11,1,3,"22/9/2025, 6:37:09 a. m."
V7dh7nOWQ-ayogqP3JOtmg,ytIauecWazTAXUs4yELa,2,12,1,3,"22/9/2025, 6:37:18 a. m."
vV.ekptoQW62hJHHuZvOKg,ytIauecWazTAXUs4yELa,2,13,1,4,"22/9/2025, 6:37:22 a. m."
i-yQLYsvR16wq7v5jh4aqA,ytIauecWazTAXUs4yELa,2,14,1,4,"22/9/2025, 6:37:23 a. m."
7aQytnzfSI-CYw14-BY9Mg,ytIauecWazTAXUs4yELa,2,15,1,4,"22/9/2025, 6:37:25 a. m."
i578ES6HRReyHJw7VIxyCQ,ytIauecWazTAXUs4yELa,2,16,1,4,"22/9/2025, 6:37:27 a. m."
inExFa5fSPuVftKNCyem2g,ytIauecWazTAXUs4yELa,2,17,1,4,"22/9/2025, 6:37:30 a. m."
pv75LIfPQrmmJkHdsjTmRQ,ytIauecWazTAXUs4yELa,2,19,1,3,"22/9/2025, 6:37:35 a. m."
Eqr20EEsT8S-v15FbrqF2A,ytIauecWazTAXUs4yELa,2,10,2,4,"22/9/2025, 6:37:41 a. m."
w0Z12cqoQzO6qChmrVHo.Q,ytIauecWazTAXUs4yELa,2,11,2,4,"22/9/2025, 6:37:51 a. m."
sd7L.lNLQE6VgTKJL653Jg,ytIauecWazTAXUs4yELa,2,12,2,4,"22/9/2025, 6:37:55 a. m."
2UKBPBXHTc6fU8Z4Qofbow,ytIauecWazTAXUs4yELa,2,13,2,4,"22/9/2025, 6:37:58 a. m."
NpX7rGhARM6-7k1IadJwGQ,ytIauecWazTAXUs4yELa,2,14,2,4,"22/9/2025, 6:38:01 a. m."
RQzfVgyHSZ2g.a6ILVpbeQ,ytIauecWazTAXUs4yELa,2,15,2,4,"22/9/2025, 6:38:02 a. m."
jqvit2geRsK2l185DO2kCg,ytIauecWazTAXUs4yELa,2,16,2,4,"22/9/2025, 6:38:04 a. m."
viSldIw-TVSI-vgQjX.JZg,ytIauecWazTAXUs4yELa,2,19,2,4,"22/9/2025, 6:38:09 a. m."
cvIcj6ilSQCnasN9Lmzr1Q,ytIauecWazTAXUs4yELa,2,17,2,4,"22/9/2025, 6:38:06 a. m."
vt0HYrrERo2tj05Ox6hWMQ,ytIauecWazTAXUs4yELa,2,10,3,4,"22/9/2025, 6:38:14 a. m."
Azbkss5DTsy4gvon3dLbvA,ytIauecWazTAXUs4yELa,2,11,3,4,"22/9/2025, 6:38:16 a. m."
ieUpAdTeT9ua-0Kee9WrCA,ytIauecWazTAXUs4yELa,2,12,3,4,"22/9/2025, 6:38:18 a. m."
2Ii4orYZQS2JHTu6C2AECg,ytIauecWazTAXUs4yELa,2,13,3,4,"22/9/2025, 6:38:20 a. m."
a.bigGkkiTQWIkTavO1gZNA,ytIauecWazTAXUs4yELa,2,14,3,4,"22/9/2025, 6:38:22 a. m."
b0j-lYRvQqud397DmW8RsQ,ytIauecWazTAXUs4yELa,2,15,3,4,"22/9/2025, 6:38:23 a. m."
l-rsLYadQH-I8v2miFuIkw,ytIauecWazTAXUs4yELa,2,16,3,4,"22/9/2025, 6:38:25 a. m."
L6V9KK0FRA-zGkjyn6qSwA,ytIauecWazTAXUs4yELa,2,17,3,4,"22/9/2025, 6:38:29 a. m."
XUah6AmFQdCXqnFz9bTN2A,ytIauecWazTAXUs4yELa,2,19,3,4,"22/9/2025, 6:38:32 a. m."
cB9tvmC6TEGuviBxf.VbNw,ytIauecWazTAXUs4yELa,2,10,4,4,"22/9/2025, 6:38:36 a. m."
SN-5MwWtQzqgDFPR8NBUug,ytIauecWazTAXUs4yELa,2,11,4,4,"22/9/2025, 6:38:37 a. m."
j3PuvJavRJqqmymTAd.IYg,ytIauecWazTAXUs4yELa,2,12,4,4,"22/9/2025, 6:38:39 a. m."
Zrl.eL6pT6GjE51XAU9VmA,ytIauecWazTAXUs4yELa,2,13,4,4,"22/9/2025, 6:38:40 a. m."
meiqrQzBRBeTtpdgw6l04A,ytIauecWazTAXUs4yELa,2,14,4,4,"22/9/2025, 6:38:42 a. m."
YIpm03puTAK3hXAd-WiRSQ,ytIauecWazTAXUs4yELa,2,15,4,4,"22/9/2025, 6:38:43 a. m."
aLZIrYpwQqiEuk.f1GySZA,ytIauecWazTAXUs4yELa,2,16,4,4,"22/9/2025, 6:38:44 a. m."
B174Q.AGTkK-QfzSKY6U0Q,ytIauecWazTAXUs4yELa,2,17,4,4,"22/9/2025, 6:38:48 a. m."
VLfvpJR0Tx-lk0PEJuQcnQ,ytIauecWazTAXUs4yELa,2,19,4,4,"22/9/2025, 6:38:50 a. m."
jpde.JY9Txu3I0qUzh3bOg,ytIauecWazTAXUs4yELa,2,10,5,4,"22/9/2025, 6:38:56 a. m."
LEqIpJ2gR7SfwbSTFukTrg,ytIauecWazTAXUs4yELa,2,11,5,4,"22/9/2025, 6:38:58 a. m."
cns-UA1ESJOaj9qF2ZcM9Q,ytIauecWazTAXUs4yELa,2,12,5,4,"22/9/2025, 6:39:02 a. m."
P6fSYrprS26WMvZfArGgDA,ytIauecWazTAXUs4yELa,2,13,5,4,"22/9/2025, 6:39:03 a. m."
OXVJKMI.RgK7Mpqp6Ninvg,ytIauecWazTAXUs4yELa,2,14,5,3,"22/9/2025, 6:39:07 a. m."
q7pRXHBQRyuk1YuOstJVcw,ytIauecWazTAXUs4yELa,2,15,5,3,"22/9/2025, 6:39:16 a. m."
a9yRfSlKRh-DBnVIPfMiOQ,ytIauecWazTAXUs4yELa,2,16,5,3,"22/9/2025, 6:39:19 a. m."
tX3JQcwqQrKWGMUVMkpU.w,ytIauecWazTAXUs4yELa,2,17,5,2,"22/9/2025, 6:39:21 a. m."
W.EalIJ4Re-A0OLesDS-nA,ytIauecWazTAXUs4yELa,2,19,5,3,"22/9/2025, 6:39:24 a. m."
a-3wD2YvZQ-68dzxWUPO.4w,ytIauecWazTAXUs4yELa,1,1,1,3,"22/9/2025, 6:39:38 a. m."
pfvE6whiRNWGLy5BnKhZ0Q,ytIauecWazTAXUs4yELa,1,2,1,4,"22/9/2025, 6:39:48 a. m."
yguaqGMxTbKnY-jmrIg9aw,ytIauecWazTAXUs4yELa,1,3,1,3,"22/9/2025, 6:39:56 a. m."
a-mPjyXaQQliSuHmDAtQQ2A,ytIauecWazTAXUs4yELa,1,4,1,3,"22/9/2025, 6:39:59 a. m."
6kmylGf7RcCrdCeDYZClug,ytIauecWazTAXUs4yELa,1,5,1,4,"22/9/2025, 6:40:01 a. m."
ATrJwK2DSByeQOiMkiQH6w,ytIauecWazTAXUs4yELa,1,6,1,3,"22/9/2025, 6:40:04 a. m."
AlP0iSMWTiSW8QyZdOHWPg,ytIauecWazTAXUs4yELa,1,7,1,4,"22/9/2025, 6:40:09 a. m."
alweJXrvSxmizUDXqdoF4Q,ytIauecWazTAXUs4yELa,1,9,1,4,"22/9/2025, 6:40:17 a. m."
OWiwomSoQ9WK0gmml0v8gA,ytIauecWazTAXUs4yELa,1,8,1,4,"22/9/2025, 6:40:15 a. m."
fhcjf82XSr2-YTv4aN80zA,ytIauecWazTAXUs4yELa,1,1,2,3,"22/9/2025, 6:40:19 a. m."
feLN0c6BSKa9m8sa.fApoQ,ytIauecWazTAXUs4yELa,1,2,2,4,"22/9/2025, 6:40:28 a. m."
wv-zvWQ-Svu1SI1u.TiSRg,ytIauecWazTAXUs4yELa,1,3,2,3,"22/9/2025, 6:40:34 a. m."
HGY4E6lsQx2vjMjYMltPdQ,ytIauecWazTAXUs4yELa,1,4,2,3,"22/9/2025, 6:40:38 a. m."
N-LUMGo5Qni-0t5mSrMiug,ytIauecWazTAXUs4yELa,1,5,2,4,"22/9/2025, 6:40:41 a. m."
9nCxIKb5RlGWXOXyr1pxcg,ytIauecWazTAXUs4yELa,1,6,2,4,"22/9/2025, 6:40:43 a. m."
kmWtKKYASBe2qV5eNi1K0w,ytIauecWazTAXUs4yELa,1,7,2,4,"22/9/2025, 6:40:46 a. m."
p0jbEg8AQWKK.S-mTeCElw,ytIauecWazTAXUs4yELa,1,8,2,4,"22/9/2025, 6:40:48 a. m."
s-i.vDjlTJqazglNhXyFUQ,ytIauecWazTAXUs4yELa,1,9,2,4,"22/9/2025, 6:40:49 a. m."
WDJgX2y-TkC5sCdZ9eWN3Q,ytIauecWazTAXUs4yELa,1,1,3,3,"22/9/2025, 6:40:55 a. m."
Nib3UQNpTemlR-7lozCAog,ytIauecWazTAXUs4yELa,1,3,3,4,"22/9/2025, 6:40:58 a. m."
2H8vg0xETiGi5S81RpKYEQ,ytIauecWazTAXUs4yELa,1,4,3,4,"22/9/2025, 6:41:01 a. m."
0Ui5b5dKTZCME5XNVcQ3xQ,ytIauecWazTAXUs4yELa,1,5,3,4,"22/9/2025, 6:41:03 a. m."
GDkKpgIDRviOakx2IG4i2Q,ytIauecWazTAXUs4yELa,1,6,3,4,"22/9/2025, 6:41:04 a. m."
w.M-Bl9LR6qWkih9Wf8Wjg,ytIauecWazTAXUs4yELa,1,7,3,4,"22/9/2025, 6:41:05 a. m."
LZtBTqEBSMK.AMJCOn4WVQ,ytIauecWazTAXUs4yELa,1,8,3,4,"22/9/2025, 6:41:06 a. m."
SrYaU1RgR4-uwiC4x9Y3oQ,ytIauecWazTAXUs4yELa,1,9,3,4,"22/9/2025, 6:41:08 a. m."
DMoCQwB8QRqlhBWhzW6ksQ,ytIauecWazTAXUs4yELa,1,1,4,4,"22/9/2025, 6:41:13 a. m."
X77ndKPPSk6LTyW3uPr6JA,ytIauecWazTAXUs4yELa,1,2,4,4,"22/9/2025, 6:41:15 a. m."
SiIByeOvRvyX-WVXOK7Eew,ytIauecWazTAXUs4yELa,1,3,4,4,"22/9/2025, 6:41:18 a. m."
pJwRdWmoRACXlRevP0M4Qg,ytIauecWazTAXUs4yELa,1,4,4,4,"22/9/2025, 6:41:20 a. m."
kXja-sAKQ3-rGG3R7M4yQw,ytIauecWazTAXUs4yELa,1,5,4,4,"22/9/2025, 6:41:23 a. m."
NSP8xKBgTLudE3Rvmku9QQ,ytIauecWazTAXUs4yELa,1,6,4,4,"22/9/2025, 6:41:25 a. m."
6wD3CP6hSXeivw7DQHcrMQ,ytIauecWazTAXUs4yELa,1,7,4,4,"22/9/2025, 6:41:26 a. m."
sLgfVQQ4Tk-LXPA3oU7YSQ,ytIauecWazTAXUs4yELa,1,8,4,4,"22/9/2025, 6:41:27 a. m."
leJcfvE7TbOCZTPSZmeDIQ,ytIauecWazTAXUs4yELa,1,9,4,4,"22/9/2025, 6:41:28 a. m."
jiNe.WdWRZuojxfZQkOvtg,ytIauecWazTAXUs4yELa,4,26,,3,"22/9/2025, 6:41:38 a. m."
tswA6gwnSC-1lJ7y3q5Yiw,ytIauecWazTAXUs4yELa,4,27,,4,"22/9/2025, 6:41:42 a. m."
qbXoohBES8Of9N8uRXIGsA,ytIauecWazTAXUs4yELa,4,28,,3,"22/9/2025, 6:41:50 a. m."
w7ACMIUUTs2ZDZ2uq1.VoQ,ytIauecWazTAXUs4yELa,4,29,,4,"22/9/2025, 6:41:54 a. m."
SNEn1gxfR1WcPP2QGmkIcQ,ytIauecWazTAXUs4yELa,4,30,,3,"22/9/2025, 6:41:55 a. m."
9YMJVi0TSwOPWpW.wqZejA,ytIauecWazTAXUs4yELa,4,32,,4,"22/9/2025, 6:41:58 a. m."
BdG2suFWQGuUMw7AsznphA,ytIauecWazTAXUs4yELa,5,33,,4,"22/9/2025, 6:42:15 a. m."
AJaMZotwQcKb1I2aJBBEuQ,ytIauecWazTAXUs4yELa,5,34,,4,"22/9/2025, 6:42:18 a. m."
MLMBpaGJSNqKj1KwOipnwA,ytIauecWazTAXUs4yELa,5,35,,4,"22/9/2025, 6:42:22 a. m."
gwx1ugmPRyq85aQ41CCU4Q,ytIauecWazTAXUs4yELa,5,36,,4,"22/9/2025, 6:42:25 a. m."
ugdNPbdtR-KY8q4bH9-HsA,ytIauecWazTAXUs4yELa,5,37,,4,"22/9/2025, 6:42:28 a. m."
00NP-9TSSNyvNC4Jnszurw,ytIauecWazTAXUs4yELa,5,38,,4,"22/9/2025, 6:42:29 a. m."
aWBuxFODS2mSJ68hag0IgA,ytIauecWazTAXUs4yELa,5,39,,4,"22/9/2025, 6:42:36 a. m."
HCCkhJB4RGGrRQTsFL-Uhg,dza55HfnWvvZgEbaWoSj,5,35,,4,"16/10/2025, 12:19:12 p. m."
wO21I8ZdSCutbZwK.ZabDw,dza55HfnWvvZgEbaWoSj,5,33,,4,"16/10/2025, 12:19:04 p. m."
gIeCxFkETrGvw5zNWIqhYg,dza55HfnWvvZgEbaWoSj,5,34,,4,"16/10/2025, 12:19:11 p. m."
dAI3PBsSSg6NZnz8SJITuA,dza55HfnWvvZgEbaWoSj,5,36,,4,"16/10/2025, 12:19:12 p. m."
v59XR77VThuqh3LdUF-o0w,dza55HfnWvvZgEbaWoSj,5,37,,4,"16/10/2025, 12:19:13 p. m."
svBYqRNsS.W-EcVyRqqTdA,dza55HfnWvvZgEbaWoSj,5,38,,4,"16/10/2025, 12:19:13 p. m."
gOZZPCvoRHWasr6qqtKwog,dza55HfnWvvZgEbaWoSj,5,39,,3,"16/10/2025, 12:19:14 p. m."
tknOiIONRZ2vMCq6AC0uuw,dza55HfnWvvZgEbaWoSj,1,1,1,3,"16/10/2025, 12:19:26 p. m."
RyI9MqBpTUq7S4JoNe5Beg,dza55HfnWvvZgEbaWoSj,1,2,1,4,"16/10/2025, 12:19:31 p. m."
xknZRY16SM2W1Pla2SsZbQ,dza55HfnWvvZgEbaWoSj,1,3,1,4,"16/10/2025, 12:19:36 p. m."
iOZO5mfzQk-MtHTWA2YMwg,dza55HfnWvvZgEbaWoSj,1,4,1,4,"16/10/2025, 12:19:40 p. m."
0ekt33NrQNeXbGZiM5r.Vg,dza55HfnWvvZgEbaWoSj,1,5,1,4,"16/10/2025, 12:19:42 p. m."
Yk5zcHftRB--tiPsMni69g,dza55HfnWvvZgEbaWoSj,1,6,1,4,"16/10/2025, 12:19:45 p. m."
6DZbb6CQRe-VN8ugDLwLDA,dza55HfnWvvZgEbaWoSj,1,7,1,3,"16/10/2025, 12:19:49 p. m."
VNy-RV14RbWNq1hY5gblbg,dza55HfnWvvZgEbaWoSj,1,8,1,3,"16/10/2025, 12:19:54 p. m."
q8TemJY7RByFi6VcxMuX7Q,dza55HfnWvvZgEbaWoSj,1,9,1,5,"16/10/2025, 12:19:58 p. m."
JXtBi8C5TBGojHHnH1fqcg,dza55HfnWvvZgEbaWoSj,1,1,2,4,"16/10/2025, 12:20:11 p. m."
1lip8E-tT6i5IN7SJAwGQA,dza55HfnWvvZgEbaWoSj,1,2,2,3,"16/10/2025, 12:20:18 p. m."
bTZzEusOTfC0qdvGKOvrwA,dza55HfnWvvZgEbaWoSj,1,3,2,4,"16/10/2025, 12:20:23 p. m."
0CPFLlAqTPe56SkB7OW7Bg,dza55HfnWvvZgEbaWoSj,1,4,2,3,"16/10/2025, 12:20:26 p. m."
r3qzy1IdTD-91Y68gqjZwg,dza55HfnWvvZgEbaWoSj,1,5,2,4,"16/10/2025, 12:20:28 p. m."
ybgDkXSfQFi4s63wpQ7Jgw,dza55HfnWvvZgEbaWoSj,1,6,2,4,"16/10/2025, 12:20:29 p. m."
j09vYT50Th-0Z6R8OPcQkA,dza55HfnWvvZgEbaWoSj,1,7,2,4,"16/10/2025, 12:20:31 p. m."
VM6dhZtoQx2du509qKTrnA,dza55HfnWvvZgEbaWoSj,1,8,2,4,"16/10/2025, 12:20:33 p. m."
1.Wib55iRD-Fw5Z8gUKoQw,dza55HfnWvvZgEbaWoSj,1,9,2,4,"16/10/2025, 12:20:35 p. m."
iXawDyjCQgWWLbV7sY7tAg,dza55HfnWvvZgEbaWoSj,1,1,3,5,"16/10/2025, 12:20:42 p. m."
NGdPymB3RDe-a0XkUp8jww,dza55HfnWvvZgEbaWoSj,1,2,3,3,"16/10/2025, 12:20:46 p. m."
JrKdw3AdR8e-owdTWd84wQ,dza55HfnWvvZgEbaWoSj,1,3,3,4,"16/10/2025, 12:20:51 p. m."
zKrHKUBZTVClD0zgwAR9Sg,dza55HfnWvvZgEbaWoSj,1,4,3,4,"16/10/2025, 12:20:59 p. m."
1pAA8yRWSEuVDpFePlZ-SQ,dza55HfnWvvZgEbaWoSj,1,5,3,4,"16/10/2025, 12:21:01 p. m."
hAWbOhYTRsm3E2MCtkoSDg,dza55HfnWvvZgEbaWoSj,1,6,3,4,"16/10/2025, 12:21:03 p. m."
8SSjxf15RcC9x5.i3am9eA,dza55HfnWvvZgEbaWoSj,1,7,3,2,"16/10/2025, 12:21:09 p. m."
R4vU7VVrT8myoONH2XatfA,dza55HfnWvvZgEbaWoSj,1,8,3,3,"16/10/2025, 12:21:12 p. m."
acChrR5gSXmbP88viPuYCw,dza55HfnWvvZgEbaWoSj,1,9,3,4,"16/10/2025, 12:21:13 p. m."
4b1cLdCWSM21fhvVAcuSkg,dza55HfnWvvZgEbaWoSj,1,2,4,4,"16/10/2025, 12:21:30 p. m."
VXc2Rfn4QjCTN.6n1EcnVg,dza55HfnWvvZgEbaWoSj,1,1,4,2,"16/10/2025, 12:21:20 p. m."
fwLayZGRT8CTN5U9W8BjSA,dza55HfnWvvZgEbaWoSj,1,3,4,2,"16/10/2025, 12:21:33 p. m."
t07h.OjVRnKwPMjTHsua0w,dza55HfnWvvZgEbaWoSj,1,4,4,2,"16/10/2025, 12:21:35 p. m."
aMKlrw8KTA20zTRi-G3Efw,dza55HfnWvvZgEbaWoSj,1,5,4,4,"16/10/2025, 12:21:37 p. m."
a-pWoSQxSTw-NtU2d.xq0LQ,dza55HfnWvvZgEbaWoSj,1,6,4,3,"16/10/2025, 12:21:40 p. m."
b6sfIJdRTJ2WeElZ1Q5NzA,dza55HfnWvvZgEbaWoSj,1,7,4,3,"16/10/2025, 12:21:43 p. m."
32jWZvAQSn-iSfJqfBkYwA,dza55HfnWvvZgEbaWoSj,1,8,4,4,"16/10/2025, 12:21:47 p. m."
XaCQH7EuRSa1Wcs3Sy10vw,dza55HfnWvvZgEbaWoSj,1,9,4,4,"16/10/2025, 12:21:51 p. m."
lz2s2hm2SCWCCIt50uUvEA,dza55HfnWvvZgEbaWoSj,2,10,4,4,"16/10/2025, 12:22:24 p. m."
wOcOzIjQSvOZ9vxCuq1ERw,dza55HfnWvvZgEbaWoSj,2,15,4,3,"16/10/2025, 12:22:35 p. m."
ZryzLhksQe2cNzFYfSC84g,dza55HfnWvvZgEbaWoSj,2,14,4,3,"16/10/2025, 12:22:34 p. m."
QvvkklYCSnCHev95muKRhA,dza55HfnWvvZgEbaWoSj,2,11,4,3,"16/10/2025, 12:22:33 p. m."
iFp.vxX8QFibdIy3cMud3g,dza55HfnWvvZgEbaWoSj,2,16,4,3,"16/10/2025, 12:22:35 p. m."
Su2HzJG5TH2Zuz6vrMRv.g,dza55HfnWvvZgEbaWoSj,2,17,4,3,"16/10/2025, 12:22:36 p. m."
7y1VaCPoQemdOIRCbvOiDw,dza55HfnWvvZgEbaWoSj,2,13,4,4,"16/10/2025, 12:22:34 p. m."
hCAXig3sQRa4wtQaThR-Aw,dza55HfnWvvZgEbaWoSj,2,12,4,3,"16/10/2025, 12:22:33 p. m."
JGMEm6jzTourUOD0SDhUhw,dza55HfnWvvZgEbaWoSj,2,19,4,2,"16/10/2025, 12:22:38 p. m."
1dNBYGnvRgGG.zrA6qWXVw,dza55HfnWvvZgEbaWoSj,2,18,4,3,"16/10/2025, 12:22:37 p. m."
itOzF8o9Thyb.9Z8YC-zcg,dza55HfnWvvZgEbaWoSj,2,10,3,4,"16/10/2025, 12:24:24 p. m."
smRn5dUTSMqP7AeZVO-x4g,dza55HfnWvvZgEbaWoSj,2,13,3,4,"16/10/2025, 12:24:34 p. m."
nMPkXIJnQiCJPyoabYaN2Q,dza55HfnWvvZgEbaWoSj,2,15,3,3,"16/10/2025, 12:24:35 p. m."
a.b9K6FvuS2OvxV4Qkd.ryA,dza55HfnWvvZgEbaWoSj,2,12,3,4,"16/10/2025, 12:24:34 p. m."
8B8FIK4XSPiBe000Q5VHdg,dza55HfnWvvZgEbaWoSj,2,14,3,4,"16/10/2025, 12:24:35 p. m."
3-wUuWtXTCqARNiDFF17sg,dza55HfnWvvZgEbaWoSj,2,16,3,3,"16/10/2025, 12:24:36 p. m."
qQjiJvTLTne0sBDHgCfgLw,dza55HfnWvvZgEbaWoSj,2,11,3,3,"16/10/2025, 12:24:33 p. m."
Pw2IpQW4QPmIS.-jBGrAjQ,dza55HfnWvvZgEbaWoSj,2,17,3,3,"16/10/2025, 12:24:37 p. m."
GFwBLEBSQnWGJjI7pTHxtw,dza55HfnWvvZgEbaWoSj,2,19,3,3,"16/10/2025, 12:24:38 p. m."
gWs3M8TTTCGbYwGc7MEobw,dza55HfnWvvZgEbaWoSj,2,18,3,4,"16/10/2025, 12:24:37 p. m."
0m3pr8f1SSayMdilYugITg,dza55HfnWvvZgEbaWoSj,2,19,2,3,"16/10/2025, 12:25:35 p. m."
yHBdtzT3QLWTKJrkQbGNPg,dza55HfnWvvZgEbaWoSj,2,18,2,4,"16/10/2025, 12:25:36 p. m."
RgYWMOE3TcKL3RfNKZUjlg,dza55HfnWvvZgEbaWoSj,2,15,2,3,"16/10/2025, 12:25:38 p. m."
1mHtn4m2R8ir3QrsSAP6iw,dza55HfnWvvZgEbaWoSj,2,16,2,3,"16/10/2025, 12:25:37 p. m."
plCNsKW5SSayyA87LVpekg,dza55HfnWvvZgEbaWoSj,2,17,2,4,"16/10/2025, 12:25:37 p. m."
do.CggQ9QpyJwldMq8AVfA,dza55HfnWvvZgEbaWoSj,2,14,2,4,"16/10/2025, 12:25:38 p. m."
YnxWD9R3TbyuQjBrpvxHfA,dza55HfnWvvZgEbaWoSj,2,12,2,4,"16/10/2025, 12:25:40 p. m."
0lW0iGIQRMS2YAK5XEan4Q,dza55HfnWvvZgEbaWoSj,2,13,2,4,"16/10/2025, 12:25:39 p. m."
BiSQ1WsASzmxD1zqSFW-EQ,dza55HfnWvvZgEbaWoSj,2,10,2,3,"16/10/2025, 12:25:41 p. m."
78AIUD6fTBC2XWrKBB0C8A,dza55HfnWvvZgEbaWoSj,2,11,2,3,"16/10/2025, 12:25:40 p. m."
znzcicDLRKmwn4s1dKoXGw,dza55HfnWvvZgEbaWoSj,2,17,1,4,"16/10/2025, 12:26:04 p. m."
EWDQDPyPRjupfwuo6da6xw,dza55HfnWvvZgEbaWoSj,2,15,1,4,"16/10/2025, 12:26:05 p. m."
KXzNr--qQ9CcCHQANdVLhw,dza55HfnWvvZgEbaWoSj,2,16,1,4,"16/10/2025, 12:26:05 p. m."
z7KqRcmlS.WmP6L4RaXPyQ,dza55HfnWvvZgEbaWoSj,2,14,1,4,"16/10/2025, 12:26:06 p. m."
KUMPStCnSe2nKeVHpUlZPA,dza55HfnWvvZgEbaWoSj,2,10,1,4,"16/10/2025, 12:26:07 p. m."
VJIIyZ0VRx6he2J8K8JOoQ,dza55HfnWvvZgEbaWoSj,2,11,1,3,"16/10/2025, 12:26:07 p. m."
KaInuqj7RCyhriTQGU2Gyg,dza55HfnWvvZgEbaWoSj,2,19,1,4,"16/10/2025, 12:26:09 p. m."
PUnTanFIQXOylEZB4e7-Rg,dza55HfnWvvZgEbaWoSj,2,12,1,4,"16/10/2025, 12:26:06 p. m."
UW49AUcpSXaSujtgik4LNg,dza55HfnWvvZgEbaWoSj,2,13,1,4,"16/10/2025, 12:26:06 p. m."
8L0EHO9lT9yW0xYlt7mGDw,dza55HfnWvvZgEbaWoSj,2,18,1,4,"16/10/2025, 12:26:08 p. m."
wTe.JaCrTk-Mr2uB28ghnA,dza55HfnWvvZgEbaWoSj,3,22,1,4,"16/10/2025, 12:26:33 p. m."
v2RUfDqGRpm0dol6nmGVQQ,dza55HfnWvvZgEbaWoSj,3,21,1,4,"16/10/2025, 12:26:33 p. m."
gTZn-aj4RGKOYiKqqORCPA,dza55HfnWvvZgEbaWoSj,3,20,1,4,"16/10/2025, 12:26:24 p. m."
F8aBO17-SNmHD1EXWV4g7A,dza55HfnWvvZgEbaWoSj,3,24,1,4,"16/10/2025, 12:26:34 p. m."
KEQfZaCYTsOFjBYVw08RSQ,dza55HfnWvvZgEbaWoSj,3,23,1,3,"16/10/2025, 12:26:34 p. m."
gm0cavBCShuzkJqSO4NOeQ,dza55HfnWvvZgEbaWoSj,3,25,1,4,"16/10/2025, 12:26:35 p. m."
CBI-86orSRa6NPRqiBvRaA,dza55HfnWvvZgEbaWoSj,3,21,2,4,"16/10/2025, 12:27:00 p. m."
juJY3pQARWCXcJTv9wveeg,dza55HfnWvvZgEbaWoSj,3,23,2,3,"16/10/2025, 12:27:01 p. m."
X0-5E.zJS4WL3my7BhrUuQ,dza55HfnWvvZgEbaWoSj,3,20,2,4,"16/10/2025, 12:26:54 p. m."
UPw6bzpiTIyxHlVPXcgSeA,dza55HfnWvvZgEbaWoSj,3,24,2,3,"16/10/2025, 12:27:02 p. m."
nS7nGQBuT9u.5jddSsAjQA,dza55HfnWvvZgEbaWoSj,3,22,2,4,"16/10/2025, 12:27:01 p. m."
J2ESv7owQfKJHCNnstDbNg,dza55HfnWvvZgEbaWoSj,3,23,3,3,"16/10/2025, 12:27:32 p. m."
toaBeavLSMC2i8rv63npVw,dza55HfnWvvZgEbaWoSj,3,20,3,3,"16/10/2025, 12:27:25 p. m."
MJat.nHKTumhDdzvjSJNxA,dza55HfnWvvZgEbaWoSj,3,25,2,3,"16/10/2025, 12:27:02 p. m."
wg5Vu5vKQ.eNH0BnoC0Ueg,dza55HfnWvvZgEbaWoSj,3,22,3,3,"16/10/2025, 12:27:32 p. m."
5v3wUZGbTt6.lp0xW0Xh6g,dza55HfnWvvZgEbaWoSj,3,20,4,4,"16/10/2025, 12:27:45 p. m."
KqZS7zVHQX-WH.p3ymCzUQ,dza55HfnWvvZgEbaWoSj,3,21,3,4,"16/10/2025, 12:27:32 p. m."
x.r5lBBeRiWJrW3ieQkQtQ,dza55HfnWvvZgEbaWoSj,3,24,3,3,"16/10/2025, 12:27:33 p. m."
9qQ1eFhiSgOuXhVxDWbC6w,dza55HfnWvvZgEbaWoSj,3,25,3,3,"16/10/2025, 12:27:33 p. m."
nU7kcBVQSjGkuVKchqdvTw,dza55HfnWvvZgEbaWoSj,3,21,4,4,"16/10/2025, 12:27:51 p. m."
s8I-GJXfRlmwLv-OBAI3.w,dza55HfnWvvZgEbaWoSj,3,24,4,4,"16/10/2025, 12:27:52 p. m."
s6Z-DVSVQTynRaGT5Sz5Cw,dza55HfnWvvZgEbaWoSj,3,22,4,4,"16/10/2025, 12:27:52 p. m."
rL1kY2O8QaO4EXH1oKUxfQ,dza55HfnWvvZgEbaWoSj,3,25,4,4,"16/10/2025, 12:27:53 p. m."
p.mD3fWAT22WNRmWVhYPdg,dza55HfnWvvZgEbaWoSj,3,23,4,4,"16/10/2025, 12:27:52 p. m."
ql8c0ZTnS9ODMhkuoXBpJw,dza55HfnWvvZgEbaWoSj,4,28,,4,"16/10/2025, 12:28:14 p. m."
R.Glv5-.SIGdAZJYDxdGAQ,dza55HfnWvvZgEbaWoSj,4,31,,4,"16/10/2025, 12:28:15 p. m."
2uBtJcwaQ3-SAZ4zn7muNw,dza55HfnWvvZgEbaWoSj,4,27,,4,"16/10/2025, 12:28:14 p. m."
XBX-KnY0R1GarTpBPXXjRg,dza55HfnWvvZgEbaWoSj,4,29,,4,"16/10/2025, 12:28:14 p. m."
Br4yCG5UR1ulpvAS9uTk9A,dza55HfnWvvZgEbaWoSj,4,32,,3,"16/10/2025, 12:28:15 p. m."
ieKzONwdQ5mZCpS.CraMgA,dza55HfnWvvZgEbaWoSj,4,26,,3,"16/10/2025, 12:28:05 p. m."
9UZR6JnpRTGs0Tekqh3Wyw,dza55HfnWvvZgEbaWoSj,4,30,,4,"16/10/2025, 12:28:14 p. m."
t7mGBC9XQDaCvdg6rg7Zxg,6g4PyNvfqJE8xQxqxP4k,1,1,1,3,"11/2/2026, 12:44:11 p. m."
xHKmdoeNQFKjyWEYFr5w8g,6g4PyNvfqJE8xQxqxP4k,1,2,1,4,"11/2/2026, 12:44:26 p. m."
LvIpbwv2T4WhuMInxtPU4A,6g4PyNvfqJE8xQxqxP4k,1,3,1,3,"11/2/2026, 12:44:28 p. m."
QtTSpqykR.WoOoWJ5A68Zg,6g4PyNvfqJE8xQxqxP4k,1,4,1,3,"11/2/2026, 12:44:30 p. m."
J9Sk.3CMTq2J4VUKK5ZicA,6g4PyNvfqJE8xQxqxP4k,1,5,1,4,"11/2/2026, 12:44:34 p. m."
eVle21w3QhCMIVEvcTyqlw,6g4PyNvfqJE8xQxqxP4k,1,6,1,4,"11/2/2026, 12:44:40 p. m."
nmPW-eFyQ56.8q297k2O7A,6g4PyNvfqJE8xQxqxP4k,1,7,1,4,"11/2/2026, 12:44:42 p. m."
h13GATsyQOuhd2TDijS9cA,6g4PyNvfqJE8xQxqxP4k,1,8,1,4,"11/2/2026, 12:44:44 p. m."
fBxaMP-HTGeIjZ8shM7jAw,6g4PyNvfqJE8xQxqxP4k,1,9,1,4,"11/2/2026, 12:44:47 p. m."
QexxZfHzTw2Dy6N9hmJ4Ew,6g4PyNvfqJE8xQxqxP4k,2,10,1,4,"11/2/2026, 12:45:01 p. m."
UQXprMT3Rd25y6CaEN6Pvg,6g4PyNvfqJE8xQxqxP4k,2,11,1,4,"11/2/2026, 12:45:05 p. m."
s2rLcVUDSPOHtpn0bG3GIw,6g4PyNvfqJE8xQxqxP4k,2,12,1,4,"11/2/2026, 12:45:08 p. m."
YwqmIn0sQYqHaisX.1Hb2Q,6g4PyNvfqJE8xQxqxP4k,2,13,1,4,"11/2/2026, 12:45:12 p. m."
cBAT4upcRm2-prny3Vw-2g,6g4PyNvfqJE8xQxqxP4k,2,14,1,3,"11/2/2026, 12:45:15 p. m."
JbC.vpo0TTW090pifdiKiw,6g4PyNvfqJE8xQxqxP4k,2,15,1,4,"11/2/2026, 12:45:16 p. m."
PNZITlZjQyGd4.VTr6MTfg,6g4PyNvfqJE8xQxqxP4k,2,16,1,4,"11/2/2026, 12:45:18 p. m."
37F-mebSQ72Kb6H3XwYb-Q,6g4PyNvfqJE8xQxqxP4k,2,17,1,4,"11/2/2026, 12:45:19 p. m."
OqBcIjRVTc-fNsCkp.EqqQ,6g4PyNvfqJE8xQxqxP4k,2,19,1,4,"11/2/2026, 12:45:23 p. m."
3zuaC9fGTPKbGbtYQGD0eQ,6g4PyNvfqJE8xQxqxP4k,2,10,2,4,"11/2/2026, 12:45:31 p. m."
ec0fIzGYSmaw2W.kcgtYAQ,6g4PyNvfqJE8xQxqxP4k,2,11,2,4,"11/2/2026, 12:45:32 p. m."
bqiONcNzS2GgN3yGogZ3tg,6g4PyNvfqJE8xQxqxP4k,2,12,2,4,"11/2/2026, 12:45:36 p. m."
yGGdbXOKRnOvdb3Q5Dr3Og,6g4PyNvfqJE8xQxqxP4k,2,13,2,4,"11/2/2026, 12:45:40 p. m."
HFwkNiYYQxSZ90MIA.Jf9Q,6g4PyNvfqJE8xQxqxP4k,2,14,2,4,"11/2/2026, 12:45:42 p. m."
kvZkRUlaTiKqT1bpqc4ZHQ,6g4PyNvfqJE8xQxqxP4k,2,15,2,4,"11/2/2026, 12:45:43 p. m."
8cU.OOGdRmCBNNbgTdnooA,6g4PyNvfqJE8xQxqxP4k,2,17,2,4,"11/2/2026, 12:45:45 p. m."
gisyYhaDS4qamV0xb6JNSg,6g4PyNvfqJE8xQxqxP4k,2,13,3,5,"11/2/2026, 12:45:57 p. m."
a.eXv9bzuQVi4gwIFnDshdg,6g4PyNvfqJE8xQxqxP4k,2,11,3,4,"11/2/2026, 12:45:54 p. m."
p.iXoU1uRdq9nC9JxaPviA,6g4PyNvfqJE8xQxqxP4k,2,16,2,4,"11/2/2026, 12:45:44 p. m."
JvMCHHUwTUaRaLA98PLNPA,6g4PyNvfqJE8xQxqxP4k,2,12,3,4,"11/2/2026, 12:45:55 p. m."
AvH1on0zQz6kVXp3-v4Bwg,6g4PyNvfqJE8xQxqxP4k,2,19,2,4,"11/2/2026, 12:45:48 p. m."
EapXpvLjT8yvD3lsg6aW7w,6g4PyNvfqJE8xQxqxP4k,2,10,3,4,"11/2/2026, 12:45:51 p. m."
OcJuSJPzQYOrES82E4mf7w,6g4PyNvfqJE8xQxqxP4k,2,14,3,4,"11/2/2026, 12:45:58 p. m."
4i4.caz8T7efwQ53aLsdbg,6g4PyNvfqJE8xQxqxP4k,2,15,3,4,"11/2/2026, 12:46:01 p. m."
Xnv5asfkTraGnbYElNSNVA,6g4PyNvfqJE8xQxqxP4k,2,16,3,4,"11/2/2026, 12:46:02 p. m."
a.QZvdcwITgmdZ7TMKfs6Jw,6g4PyNvfqJE8xQxqxP4k,2,19,3,4,"11/2/2026, 12:46:07 p. m."
ePiTiQmLSLialK715R1VEQ,6g4PyNvfqJE8xQxqxP4k,2,17,3,4,"11/2/2026, 12:46:03 p. m."
eFqXVcPASuOMf6cQeezQ4Q,6g4PyNvfqJE8xQxqxP4k,2,10,4,4,"11/2/2026, 12:46:09 p. m."
xYRtg14ySWGhVa.SGtbkLw,6g4PyNvfqJE8xQxqxP4k,2,11,4,4,"11/2/2026, 12:46:11 p. m."
1oLmRlPlSOm4n6alLndVfQ,6g4PyNvfqJE8xQxqxP4k,2,12,4,4,"11/2/2026, 12:46:12 p. m."
rf5bsXC1RS6itqAqsol5Aw,6g4PyNvfqJE8xQxqxP4k,2,14,4,4,"11/2/2026, 12:46:15 p. m."
a-jBrRN65RcKPVjmdwh-YyA,6g4PyNvfqJE8xQxqxP4k,2,13,4,5,"11/2/2026, 12:46:14 p. m."
5jlvEVMERZ2i7g0TGdWBGQ,6g4PyNvfqJE8xQxqxP4k,2,16,4,4,"11/2/2026, 12:46:18 p. m."
xgDmqWViRKCfQvDJJU9VQg,6g4PyNvfqJE8xQxqxP4k,2,17,4,4,"11/2/2026, 12:46:19 p. m."
qBIR03CJRxWt7b2WQyP-.w,6g4PyNvfqJE8xQxqxP4k,2,15,4,4,"11/2/2026, 12:46:16 p. m."
oVMVvvoYTuaYr9p.XtT17w,6g4PyNvfqJE8xQxqxP4k,2,18,4,4,"11/2/2026, 12:46:24 p. m."
0kcdv4g5QOeaQEcdNB5eiA,6g4PyNvfqJE8xQxqxP4k,2,19,4,4,"11/2/2026, 12:46:26 p. m."
R7SPBWSiQsKiTIDPKE9WnQ,6g4PyNvfqJE8xQxqxP4k,2,12,5,3,"11/2/2026, 12:46:37 p. m."
eUFg7zvwQlOK66GmlXF4NA,6g4PyNvfqJE8xQxqxP4k,2,11,5,4,"11/2/2026, 12:46:31 p. m."
0dZiZTy6TxyH4CsSsZUcpw,6g4PyNvfqJE8xQxqxP4k,2,13,5,4,"11/2/2026, 12:46:43 p. m."
ZJHs1SBqSTGYFu1QBLdqag,6g4PyNvfqJE8xQxqxP4k,2,15,5,4,"11/2/2026, 12:46:49 p. m."
qqourQZdRlupPiA0NT.s7Q,6g4PyNvfqJE8xQxqxP4k,2,10,5,4,"11/2/2026, 12:46:29 p. m."
RfduJyFuRfaDDya5032d9A,6g4PyNvfqJE8xQxqxP4k,2,14,5,4,"11/2/2026, 12:46:45 p. m."
qrF4yGJcRByZSXW9MdDTag,6g4PyNvfqJE8xQxqxP4k,2,16,5,3,"11/2/2026, 12:46:50 p. m."
RkDpNRXIQFiZtjT-2nTA9A,6g4PyNvfqJE8xQxqxP4k,2,17,5,3,"11/2/2026, 12:46:52 p. m."
kqKiuiuMTOiv5I2h2ovGBw,6g4PyNvfqJE8xQxqxP4k,2,19,5,4,"11/2/2026, 12:46:56 p. m."
oNJf9LyWTOK3LxfOtzW9kQ,6g4PyNvfqJE8xQxqxP4k,3,20,5,4,"11/2/2026, 12:47:07 p. m."
1dfApMIHSVakJCQ8bJZ54g,6g4PyNvfqJE8xQxqxP4k,3,21,5,4,"11/2/2026, 12:47:15 p. m."
RJaLa9uKQ2mokOTE5t0hNg,6g4PyNvfqJE8xQxqxP4k,3,22,5,4,"11/2/2026, 12:47:17 p. m."
AMxicpCGShiBMg8.7o0DfA,6g4PyNvfqJE8xQxqxP4k,3,23,5,3,"11/2/2026, 12:47:23 p. m."
2tgA5cFMR4K.5i7u3we9Jg,6g4PyNvfqJE8xQxqxP4k,3,24,5,4,"11/2/2026, 12:47:27 p. m."
5Em6g5OETOSBaFxz6ubKwA,6g4PyNvfqJE8xQxqxP4k,3,25,5,4,"11/2/2026, 12:47:28 p. m."
YwJAB3h.Syye0q8MWxqQDg,6g4PyNvfqJE8xQxqxP4k,3,20,4,4,"11/2/2026, 12:47:32 p. m."
cP.ptfsZSX-YEa3-R6k0Ig,6g4PyNvfqJE8xQxqxP4k,3,21,4,4,"11/2/2026, 12:47:33 p. m."
R4ksorinRuGGpnHPleDxrQ,6g4PyNvfqJE8xQxqxP4k,3,22,4,4,"11/2/2026, 12:47:37 p. m."
KgF2d4ldTbOr8tvR5lv0Cg,6g4PyNvfqJE8xQxqxP4k,3,23,4,3,"11/2/2026, 12:47:43 p. m."
jRVZS4a4Qz-Y.Q9-kcHUcA,6g4PyNvfqJE8xQxqxP4k,3,24,4,4,"11/2/2026, 12:47:45 p. m."
yndESLVaRdGWrcm7xRcOeA,6g4PyNvfqJE8xQxqxP4k,3,25,4,4,"11/2/2026, 12:47:46 p. m."
OkKMMmacSwKhiYAJAFEtuQ,6g4PyNvfqJE8xQxqxP4k,3,20,3,5,"11/2/2026, 12:47:53 p. m."
Fb6s-lxeRIikhJo-Irw0cw,6g4PyNvfqJE8xQxqxP4k,3,21,3,4,"11/2/2026, 12:48:00 p. m."
AANKQjdFRH6OzTivTagm4Q,6g4PyNvfqJE8xQxqxP4k,3,22,3,5,"11/2/2026, 12:48:01 p. m."
U1QYQ3RvQcqV-DY4r7YaWg,6g4PyNvfqJE8xQxqxP4k,3,23,3,4,"11/2/2026, 12:48:05 p. m."
2Vgm69JgTKW22HrDXcuMcQ,6g4PyNvfqJE8xQxqxP4k,3,24,3,4,"11/2/2026, 12:48:09 p. m."
2uQyc13LS0K8PihUE8haDg,6g4PyNvfqJE8xQxqxP4k,3,25,3,4,"11/2/2026, 12:48:10 p. m."
uvlwNrsKSleqE6jybGN3aw,6g4PyNvfqJE8xQxqxP4k,3,20,2,4,"11/2/2026, 12:48:13 p. m."
BLA-fuOORD2JC0PYkSlZxw,6g4PyNvfqJE8xQxqxP4k,3,21,2,4,"11/2/2026, 12:48:15 p. m."
OUoR-LjeQ1qMp3tymNK95A,6g4PyNvfqJE8xQxqxP4k,3,22,2,4,"11/2/2026, 12:48:17 p. m."
EIkrDMOpSkK-7uyeeSrrnQ,6g4PyNvfqJE8xQxqxP4k,3,23,2,3,"11/2/2026, 12:48:41 p. m."
PgVlTu3XSmSF6kNRYAVm2A,6g4PyNvfqJE8xQxqxP4k,3,24,2,4,"11/2/2026, 12:48:47 p. m."
VdQOxz6ERMuDYAvq2sJM5Q,6g4PyNvfqJE8xQxqxP4k,3,25,2,3,"11/2/2026, 12:48:47 p. m."
Tr8nNXpURFCff9qjFH4NTg,6g4PyNvfqJE8xQxqxP4k,3,21,1,3,"11/2/2026, 12:48:57 p. m."
2RHjwCXlTjev947c7KFhJA,6g4PyNvfqJE8xQxqxP4k,3,20,1,4,"11/2/2026, 12:48:51 p. m."
JNr4Wi78SW2o9z75vTKzhQ,6g4PyNvfqJE8xQxqxP4k,3,22,1,4,"11/2/2026, 12:48:59 p. m."
n3QAuHP9RK60I0-7Y31EHw,6g4PyNvfqJE8xQxqxP4k,3,23,1,3,"11/2/2026, 12:49:03 p. m."
AbM7zJxvREmi3NDlP4wImA,6g4PyNvfqJE8xQxqxP4k,3,24,1,3,"11/2/2026, 12:49:04 p. m."
yH3-wY9IRYamdGXs9-0WyQ,6g4PyNvfqJE8xQxqxP4k,3,25,1,3,"11/2/2026, 12:49:06 p. m."
IktHtgQ7Rxu0x35iFCxueg,6g4PyNvfqJE8xQxqxP4k,4,26,,3,"11/2/2026, 12:49:13 p. m."
H1JBvEB5SjeDDL.DQHZ5dQ,6g4PyNvfqJE8xQxqxP4k,4,27,,4,"11/2/2026, 12:49:19 p. m."
s3-gOph4QMiluv-9GIpUXQ,6g4PyNvfqJE8xQxqxP4k,4,28,,3,"11/2/2026, 12:49:22 p. m."
6hJwW3kgTWWQ1RZyEmvnPg,6g4PyNvfqJE8xQxqxP4k,4,29,,5,"11/2/2026, 12:49:29 p. m."
6TnwJaspTNm1S2-KDsB1Kw,6g4PyNvfqJE8xQxqxP4k,4,30,,3,"11/2/2026, 12:49:34 p. m."
pC9k5xVeQoG3Ysga7O-cdQ,6g4PyNvfqJE8xQxqxP4k,4,31,,4,"11/2/2026, 12:49:37 p. m."
n1ZLDahAROG1aOfJ6eCXnQ,6g4PyNvfqJE8xQxqxP4k,4,32,,3,"11/2/2026, 12:49:43 p. m."
MiHCnbs1SJuwGr7d8BbI1w,6g4PyNvfqJE8xQxqxP4k,5,33,,4,"11/2/2026, 12:49:46 p. m."
cBs-dLtDTiK3-slLmcPmjA,6g4PyNvfqJE8xQxqxP4k,5,34,,3,"11/2/2026, 12:49:56 p. m."
I7YruWMXRbGQTqgSgE5szw,6g4PyNvfqJE8xQxqxP4k,5,35,,4,"11/2/2026, 12:49:59 p. m."
nw7WaN5tQhGFaVODWVy22w,6g4PyNvfqJE8xQxqxP4k,5,36,,4,"11/2/2026, 12:50:02 p. m."
oxTxyG9.QaiOWyvMn0ARXQ,6g4PyNvfqJE8xQxqxP4k,5,37,,4,"11/2/2026, 12:50:04 p. m."
Aqvp41zNQCe1tWjz-CHAsA,6g4PyNvfqJE8xQxqxP4k,5,38,,5,"11/2/2026, 12:50:09 p. m."
rOZUnZZ2RhO3OW3M8mEOOQ,6g4PyNvfqJE8xQxqxP4k,5,39,,3,"11/2/2026, 12:50:11 p. m."
ODdmlX0WQp6BiaBRf2abow,Mfh3CBhIzNuxUZr7mMIG,1,1,1,3,"12/2/2026, 1:17:42 p. m."
fMmis6uESkSrDo8iV9QxXQ,Mfh3CBhIzNuxUZr7mMIG,1,2,1,4,"12/2/2026, 1:17:51 p. m."
a.9s7xEMnSxe8Fl4hhyGxjw,Mfh3CBhIzNuxUZr7mMIG,1,3,1,4,"12/2/2026, 1:17:52 p. m."
xafqHlSDQeKWXdvgymunkQ,Mfh3CBhIzNuxUZr7mMIG,1,4,1,3,"12/2/2026, 1:17:52 p. m."
0yt1pm8xRsC.mrVXYycIhw,Mfh3CBhIzNuxUZr7mMIG,1,5,1,4,"12/2/2026, 1:17:53 p. m."
5Y8.2mOWSTOAlOYI6NsiNQ,Mfh3CBhIzNuxUZr7mMIG,1,6,1,2,"12/2/2026, 1:17:53 p. m."
tHJYFGjKQ72MZmR.vL4WCQ,Mfh3CBhIzNuxUZr7mMIG,1,8,1,3,"12/2/2026, 1:17:54 p. m."
s6e4BKSFS.i4MyMW-ILmog,Mfh3CBhIzNuxUZr7mMIG,1,9,1,4,"12/2/2026, 1:17:55 p. m."
5gTXKj13TEye8tILYSgJ4w,Mfh3CBhIzNuxUZr7mMIG,1,7,1,2,"12/2/2026, 1:17:54 p. m."
EIukGLKBSfyxOu3K0zVNag,Mfh3CBhIzNuxUZr7mMIG,1,2,2,4,"12/2/2026, 1:19:01 p. m."
1bG9mMjpQT6bMVWXcjP7lg,Mfh3CBhIzNuxUZr7mMIG,1,1,2,3,"12/2/2026, 1:18:52 p. m."
2DS.RlzGTwGoMjC58JG6TA,Mfh3CBhIzNuxUZr7mMIG,1,3,2,2,"12/2/2026, 1:19:01 p. m."
Brr7KZ.hTN2yLbUNCfFbyQ,Mfh3CBhIzNuxUZr7mMIG,1,4,2,3,"12/2/2026, 1:19:01 p. m."
lG4nn02VScON3LINjcYdMg,Mfh3CBhIzNuxUZr7mMIG,1,5,2,4,"12/2/2026, 1:19:02 p. m."
nm9D8MqFQCmoFwKBLoTUgw,Mfh3CBhIzNuxUZr7mMIG,1,7,2,2,"12/2/2026, 1:19:03 p. m."
nazUL9A4RC69APdpZj7kcA,Mfh3CBhIzNuxUZr7mMIG,1,6,2,2,"12/2/2026, 1:19:02 p. m."
Tdm7S4.pSjubBgwBkqvnDA,Mfh3CBhIzNuxUZr7mMIG,1,8,2,3,"12/2/2026, 1:19:03 p. m."
o-RGv8yUQxuzBeEX4Ugkkw,Mfh3CBhIzNuxUZr7mMIG,1,9,2,4,"12/2/2026, 1:19:03 p. m."
a.39C4F3pTSODWswni1n3KA,Mfh3CBhIzNuxUZr7mMIG,1,1,3,4,"12/2/2026, 1:19:32 p. m."
W57FSvnITR2rwWeW4qZ81Q,Mfh3CBhIzNuxUZr7mMIG,1,4,3,4,"12/2/2026, 1:19:34 p. m."
eAOW1BJcTpeua9v8pYniaw,Mfh3CBhIzNuxUZr7mMIG,1,2,3,4,"12/2/2026, 1:19:34 p. m."
jkJ08PEYTbOlUidlIUzqug,Mfh3CBhIzNuxUZr7mMIG,1,3,3,4,"12/2/2026, 1:19:34 p. m."
Jq3iHDp.TO6lmV7cDhx5Bw,Mfh3CBhIzNuxUZr7mMIG,1,5,3,3,"12/2/2026, 1:19:35 p. m."
JwziLYAoQkqZeVm2O29xsg,Mfh3CBhIzNuxUZr7mMIG,1,6,3,3,"12/2/2026, 1:19:35 p. m."
lyNtKuFvRi6MKRtvaU6QbQ,Mfh3CBhIzNuxUZr7mMIG,1,7,3,4,"12/2/2026, 1:19:35 p. m."
xEQyhF-1RH-rRzSrqL4hdg,Mfh3CBhIzNuxUZr7mMIG,1,8,3,4,"12/2/2026, 1:19:36 p. m."
DGLPHoK-SKegREChQcjfUQ,Mfh3CBhIzNuxUZr7mMIG,1,9,3,4,"12/2/2026, 1:19:36 p. m."
i8pwghttSuSEmlMB2r5Pmg,Mfh3CBhIzNuxUZr7mMIG,1,2,4,4,"12/2/2026, 1:20:06 p. m."
Odt.S4uYSiqCdreYQeLTVw,Mfh3CBhIzNuxUZr7mMIG,1,3,4,4,"12/2/2026, 1:20:06 p. m."
UzTAxQ6TR22TrnG.qH7U1w,Mfh3CBhIzNuxUZr7mMIG,1,1,4,4,"12/2/2026, 1:20:02 p. m."
a.JiiXp9NTEWloex.-vJXpA,Mfh3CBhIzNuxUZr7mMIG,1,4,4,4,"12/2/2026, 1:20:06 p. m."
a-C8ngQqpT2mdFBuiqpGd0A,Mfh3CBhIzNuxUZr7mMIG,1,5,4,4,"12/2/2026, 1:20:07 p. m."
hECf4xmRRyOBa2wv4-VDkg,Mfh3CBhIzNuxUZr7mMIG,1,6,4,4,"12/2/2026, 1:20:07 p. m."
UELfO.0BSku34mZkytXN9A,Mfh3CBhIzNuxUZr7mMIG,1,8,4,3,"12/2/2026, 1:20:07 p. m."
6S2ur-zYT-2r9Pg9KEgO9g,Mfh3CBhIzNuxUZr7mMIG,1,7,4,4,"12/2/2026, 1:20:07 p. m."
YL2B16SvTIC4Nz-4KaTIFg,Mfh3CBhIzNuxUZr7mMIG,1,9,4,4,"12/2/2026, 1:20:07 p. m."
Rmde.9sdRU-AhdklvwOysg,Mfh3CBhIzNuxUZr7mMIG,1,2,5,5,"12/2/2026, 1:20:42 p. m."
T6JUfQw0R1OK-m8CjLRumA,Mfh3CBhIzNuxUZr7mMIG,1,1,5,4,"12/2/2026, 1:20:32 p. m."
bV7llZmtT.69VfhYeoi0hg,Mfh3CBhIzNuxUZr7mMIG,1,4,5,3,"12/2/2026, 1:20:42 p. m."
irs0frlgQ1-Z1Ih8HNUgJg,Mfh3CBhIzNuxUZr7mMIG,1,5,5,4,"12/2/2026, 1:20:43 p. m."
a.1Gg.3osQFKim-roNvnMoA,Mfh3CBhIzNuxUZr7mMIG,1,3,5,3,"12/2/2026, 1:20:42 p. m."
t6H59Cv-S7S0CwfH6yQRjQ,Mfh3CBhIzNuxUZr7mMIG,1,7,5,3,"12/2/2026, 1:20:43 p. m."
ARqOYWF-RXawhvd4Unuj9w,Mfh3CBhIzNuxUZr7mMIG,1,6,5,3,"12/2/2026, 1:20:43 p. m."
a0wHdPZATcKQE3clqyLkrA,Mfh3CBhIzNuxUZr7mMIG,1,8,5,4,"12/2/2026, 1:20:43 p. m."
A-b8WUV6RDegJF9E.Rwcgg,Mfh3CBhIzNuxUZr7mMIG,1,9,5,4,"12/2/2026, 1:20:44 p. m."
MUiRMUqwRLindtnHULNizA,Mfh3CBhIzNuxUZr7mMIG,2,11,1,3,"12/2/2026, 1:21:13 p. m."
5qgP.b53QsyeMiAEUYl9Hw,Mfh3CBhIzNuxUZr7mMIG,2,12,1,3,"12/2/2026, 1:21:13 p. m."
46fJ90y.ShyIGGtqdiIx3w,Mfh3CBhIzNuxUZr7mMIG,2,15,1,4,"12/2/2026, 1:21:14 p. m."
ESvFU4d-RxCSlRzA824NMQ,Mfh3CBhIzNuxUZr7mMIG,2,14,1,4,"12/2/2026, 1:21:13 p. m."
txl6AWnlSge3mjpl8-liwA,Mfh3CBhIzNuxUZr7mMIG,2,13,1,3,"12/2/2026, 1:21:13 p. m."
tgjW.WnjQJODmOhS7YXGqQ,Mfh3CBhIzNuxUZr7mMIG,2,17,1,4,"12/2/2026, 1:21:14 p. m."
2Ylel6IhQ927RP7N0A7qyg,Mfh3CBhIzNuxUZr7mMIG,2,18,1,4,"12/2/2026, 1:21:14 p. m."
Ud91BXSsTrG3KndV0xYKdw,Mfh3CBhIzNuxUZr7mMIG,2,16,1,4,"12/2/2026, 1:21:14 p. m."
W8uScIvmTlGVeK3cWt3rrQ,Mfh3CBhIzNuxUZr7mMIG,2,19,1,4,"12/2/2026, 1:21:14 p. m."
2jBrK-kUT365rfjFyxya3A,Mfh3CBhIzNuxUZr7mMIG,2,10,1,4,"12/2/2026, 1:21:12 p. m."
2gpkGfecQlCZev7djJSiFA,Mfh3CBhIzNuxUZr7mMIG,2,10,2,3,"12/2/2026, 1:21:52 p. m."
ZDARRMG4TNuSlWvioAQL1g,Mfh3CBhIzNuxUZr7mMIG,2,11,2,4,"12/2/2026, 1:22:00 p. m."
6lKTBAovTbyvjAvrUxYUpQ,Mfh3CBhIzNuxUZr7mMIG,2,13,2,3,"12/2/2026, 1:22:00 p. m."
wxqlmI.4TEyI9vaTSKKJrw,Mfh3CBhIzNuxUZr7mMIG,2,12,2,3,"12/2/2026, 1:22:00 p. m."
zRG9KL25Qkazw-kerAogLA,Mfh3CBhIzNuxUZr7mMIG,2,14,2,4,"12/2/2026, 1:22:01 p. m."
o2uFZ1azSVa8Yb8uBmNiAg,Mfh3CBhIzNuxUZr7mMIG,2,15,2,4,"12/2/2026, 1:22:01 p. m."
qq2YSUyqSUuEfsdrtLxtzw,Mfh3CBhIzNuxUZr7mMIG,2,16,2,4,"12/2/2026, 1:22:01 p. m."
yMWue54YTy2KTrJmFx4BYA,Mfh3CBhIzNuxUZr7mMIG,2,18,2,4,"12/2/2026, 1:22:01 p. m."
Tbj.UJfSRN-JD5aRmWweQg,Mfh3CBhIzNuxUZr7mMIG,2,17,2,4,"12/2/2026, 1:22:01 p. m."
Dq4Ij4WPTtarpN0LmiAvvA,Mfh3CBhIzNuxUZr7mMIG,2,19,2,3,"12/2/2026, 1:22:02 p. m."
5Xx0zjuCRSSVfIu-cYnExQ,Mfh3CBhIzNuxUZr7mMIG,2,10,3,3,"12/2/2026, 1:22:32 p. m."
rlHRuZMYSyCCTSqxvjjpQg,Mfh3CBhIzNuxUZr7mMIG,2,11,3,4,"12/2/2026, 1:22:34 p. m."
qVmBlYGlSly5o32jx4d7Gw,Mfh3CBhIzNuxUZr7mMIG,2,13,3,4,"12/2/2026, 1:22:35 p. m."
iUDC0x3jQmK8VzsD7iVGfg,Mfh3CBhIzNuxUZr7mMIG,2,12,3,3,"12/2/2026, 1:22:35 p. m."
B4GiIMzNQSikWQfpESfSyA,Mfh3CBhIzNuxUZr7mMIG,2,14,3,5,"12/2/2026, 1:22:35 p. m."
JaHhfRyJSOqiFeKJ6ogF6Q,Mfh3CBhIzNuxUZr7mMIG,2,15,3,5,"12/2/2026, 1:22:35 p. m."
feE5.VqrRZCJF6fQqw3VUw,Mfh3CBhIzNuxUZr7mMIG,2,17,3,3,"12/2/2026, 1:22:36 p. m."
yyddR09vQviL1uN5.XouiQ,Mfh3CBhIzNuxUZr7mMIG,2,18,3,5,"12/2/2026, 1:22:36 p. m."
Zt50qW2rQUScBuNJNG.-Dw,Mfh3CBhIzNuxUZr7mMIG,2,16,3,5,"12/2/2026, 1:22:35 p. m."
InGkAAcLQ1yFGz7MljO6pA,Mfh3CBhIzNuxUZr7mMIG,2,19,3,3,"12/2/2026, 1:22:36 p. m."
kDd2uCZPS0-rj7lax94iFA,Mfh3CBhIzNuxUZr7mMIG,2,11,4,4,"12/2/2026, 1:23:16 p. m."
G.Ay9hHnSvaUOq-Lfc4M9g,Mfh3CBhIzNuxUZr7mMIG,2,10,4,5,"12/2/2026, 1:23:12 p. m."
0VsrT-T5RSqIuo-yOJYSiw,Mfh3CBhIzNuxUZr7mMIG,2,14,4,5,"12/2/2026, 1:23:17 p. m."
Xwd2STsVTWyxfPpdUKhY2A,Mfh3CBhIzNuxUZr7mMIG,2,13,4,5,"12/2/2026, 1:23:17 p. m."
BpYpD1tSQMG31fb1Jbuy-w,Mfh3CBhIzNuxUZr7mMIG,2,12,4,4,"12/2/2026, 1:23:17 p. m."
isML3ojeRcKohXAoIPK.Bw,Mfh3CBhIzNuxUZr7mMIG,2,15,4,4,"12/2/2026, 1:23:17 p. m."
77qbHFoEQq6Xa7EfcQhpLg,Mfh3CBhIzNuxUZr7mMIG,2,16,4,4,"12/2/2026, 1:23:18 p. m."
5jlL8mv2RZKSGEnh1F-STw,Mfh3CBhIzNuxUZr7mMIG,2,17,4,3,"12/2/2026, 1:23:18 p. m."
dcIns4tAR1eIK15bUwvsyw,Mfh3CBhIzNuxUZr7mMIG,2,19,4,4,"12/2/2026, 1:23:18 p. m."
SHEspDQOTzGXVnbrXWOhqA,Mfh3CBhIzNuxUZr7mMIG,2,18,4,4,"12/2/2026, 1:23:18 p. m."
P8933hutQHWLWOPwGN12Lw,Mfh3CBhIzNuxUZr7mMIG,2,10,5,3,"12/2/2026, 1:23:52 p. m."
7oXYZHyMSYG1wBLy2HCdOg,Mfh3CBhIzNuxUZr7mMIG,2,11,5,4,"12/2/2026, 1:23:55 p. m."
LselQqPgSWabs8gqw17YMA,Mfh3CBhIzNuxUZr7mMIG,2,12,5,4,"12/2/2026, 1:23:55 p. m."
TdAGdKeKRjG7IRFkJp1cbQ,Mfh3CBhIzNuxUZr7mMIG,2,13,5,5,"12/2/2026, 1:23:55 p. m."
u11x5oQpR7mMDEOdG6EZPw,Mfh3CBhIzNuxUZr7mMIG,2,14,5,4,"12/2/2026, 1:23:55 p. m."
CLBJ-KRQTba-PvamAaM05A,Mfh3CBhIzNuxUZr7mMIG,2,15,5,4,"12/2/2026, 1:23:56 p. m."
6iOJoGSJSoOR872YtwiL9w,Mfh3CBhIzNuxUZr7mMIG,2,17,5,3,"12/2/2026, 1:23:56 p. m."
dhYgFKB.Rx-NPWz1n.vokw,Mfh3CBhIzNuxUZr7mMIG,2,16,5,4,"12/2/2026, 1:23:56 p. m."
4rpBan9HRDOj1mG-LF.91A,Mfh3CBhIzNuxUZr7mMIG,2,18,5,4,"12/2/2026, 1:23:56 p. m."
v2RZnkCPT26uXxOLyBWi4g,Mfh3CBhIzNuxUZr7mMIG,2,19,5,5,"12/2/2026, 1:23:57 p. m."
Y4A.8PYRRmOlmDt9-nO0DQ,Mfh3CBhIzNuxUZr7mMIG,3,24,1,4,"12/2/2026, 1:24:26 p. m."
YWnqKXkAQWKIuP4KXkL3uQ,Mfh3CBhIzNuxUZr7mMIG,3,21,1,3,"12/2/2026, 1:24:25 p. m."
4daZsgoYR56Bcxbn5k9PDQ,Mfh3CBhIzNuxUZr7mMIG,3,22,1,3,"12/2/2026, 1:24:25 p. m."
5.1T9hKdTK2pO6o5srDKxA,Mfh3CBhIzNuxUZr7mMIG,3,23,1,3,"12/2/2026, 1:24:26 p. m."
Aw6KZkIaRwCj0YbT0-yG-g,Mfh3CBhIzNuxUZr7mMIG,3,20,1,4,"12/2/2026, 1:24:22 p. m."
wK7jd2qNQyyQe4FMIsHvkg,Mfh3CBhIzNuxUZr7mMIG,3,25,1,3,"12/2/2026, 1:24:26 p. m."
1D.632gjQUeUfYSeWlaMDg,Mfh3CBhIzNuxUZr7mMIG,3,20,2,3,"12/2/2026, 1:25:02 p. m."
BPNA0Rn-TvijudHrvY0EGA,Mfh3CBhIzNuxUZr7mMIG,3,22,2,3,"12/2/2026, 1:25:10 p. m."
WlU2piDqSbeJTD0k3YANiA,Mfh3CBhIzNuxUZr7mMIG,3,21,2,4,"12/2/2026, 1:25:10 p. m."
AOhr1yJLRBe-hwNWznQFYQ,Mfh3CBhIzNuxUZr7mMIG,3,23,2,2,"12/2/2026, 1:25:10 p. m."
w5MLlmznSdGnxtF54ziFuw,Mfh3CBhIzNuxUZr7mMIG,3,24,2,4,"12/2/2026, 1:25:10 p. m."
VtRe0F3tRz6Dw3NFSN29Rw,Mfh3CBhIzNuxUZr7mMIG,3,25,2,3,"12/2/2026, 1:25:11 p. m."
VrmrKLZ4RP6khijUiYA6ug,Mfh3CBhIzNuxUZr7mMIG,3,20,3,4,"12/2/2026, 1:25:52 p. m."
XX6.Uf3JSNaeSNS.anHBLw,Mfh3CBhIzNuxUZr7mMIG,3,21,3,4,"12/2/2026, 1:25:54 p. m."
7nUmX28USXukAwDdzJl9DQ,Mfh3CBhIzNuxUZr7mMIG,3,22,3,5,"12/2/2026, 1:25:54 p. m."
hawhBnrIRbuqb9JJoHvPCg,Mfh3CBhIzNuxUZr7mMIG,3,23,3,3,"12/2/2026, 1:25:55 p. m."
dOmZUhD8SoO.B4NKm.OtVw,Mfh3CBhIzNuxUZr7mMIG,3,24,3,5,"12/2/2026, 1:25:55 p. m."
DQv9A..mSHKwzrHFsZ.JqQ,Mfh3CBhIzNuxUZr7mMIG,3,25,3,4,"12/2/2026, 1:25:55 p. m."
494Ukr7YT0Gq8L6bnaujvQ,Mfh3CBhIzNuxUZr7mMIG,3,20,4,2,"12/2/2026, 1:26:32 p. m."
a.46nvwT7RE6LMBVME0zcSg,Mfh3CBhIzNuxUZr7mMIG,3,21,4,4,"12/2/2026, 1:26:40 p. m."
rz3CmwCdR86cx3gCHmSl2g,Mfh3CBhIzNuxUZr7mMIG,3,23,4,4,"12/2/2026, 1:26:40 p. m."
uMNrUD8hTRuMmhrSlRqQ0Q,Mfh3CBhIzNuxUZr7mMIG,3,25,4,4,"12/2/2026, 1:26:41 p. m."
TCHOqi8EQ9OiYoBoSFosuw,Mfh3CBhIzNuxUZr7mMIG,3,24,4,4,"12/2/2026, 1:26:41 p. m."
g4KZOJbkRgqYPV6w24yyNg,Mfh3CBhIzNuxUZr7mMIG,3,20,5,4,"12/2/2026, 1:26:52 p. m."
ToOaVwprRemU9dc4woV3BA,Mfh3CBhIzNuxUZr7mMIG,3,22,4,4,"12/2/2026, 1:26:40 p. m."
nbzAaAW1TZKVWzImOTo8gA,Mfh3CBhIzNuxUZr7mMIG,3,24,5,4,"12/2/2026, 1:26:58 p. m."
o18pZbb.QT-MzTn9Ks9Bxw,Mfh3CBhIzNuxUZr7mMIG,3,21,5,3,"12/2/2026, 1:26:57 p. m."
h355P17dS9uKEVsyWYyDyA,Mfh3CBhIzNuxUZr7mMIG,3,22,5,4,"12/2/2026, 1:26:58 p. m."
aCDXOCphTW-QkjSmu-M0TQ,Mfh3CBhIzNuxUZr7mMIG,3,23,5,4,"12/2/2026, 1:26:58 p. m."
wCyaKWuyQA6VOscbjzjgcw,Mfh3CBhIzNuxUZr7mMIG,3,25,5,4,"12/2/2026, 1:26:58 p. m."
1e9Xem7iS-C1JvXqugkQPw,Mfh3CBhIzNuxUZr7mMIG,4,26,,4,"12/2/2026, 1:27:32 p. m."
AIRmY7guTQWN23Z8qEYqtA,Mfh3CBhIzNuxUZr7mMIG,4,28,,2,"12/2/2026, 1:27:36 p. m."
ZmU2sqjlQOaJXmS30eLDBQ,Mfh3CBhIzNuxUZr7mMIG,4,27,,4,"12/2/2026, 1:27:35 p. m."
5za3VfN-RTaNLTCm5GxN5A,Mfh3CBhIzNuxUZr7mMIG,4,29,,3,"12/2/2026, 1:27:36 p. m."
knZNtlxtQ2O2RYBwnlQCzQ,Mfh3CBhIzNuxUZr7mMIG,4,31,,3,"12/2/2026, 1:27:40 p. m."
d9BiVu0OR4-K32EyP6Q0RQ,Mfh3CBhIzNuxUZr7mMIG,4,30,,2,"12/2/2026, 1:27:40 p. m."
oLUS.5uWS1WdYoyCU-6Rqg,Mfh3CBhIzNuxUZr7mMIG,4,32,,3,"12/2/2026, 1:27:40 p. m."
AeMy8SJjQP60kv63NaKTLw,Mfh3CBhIzNuxUZr7mMIG,5,33,,3,"12/2/2026, 1:28:02 p. m."
gIjcTERIQbuU6xHekKsJTw,Mfh3CBhIzNuxUZr7mMIG,5,34,,4,"12/2/2026, 1:28:08 p. m."
tsKIDkAaQGOAUf2UENtIhA,Mfh3CBhIzNuxUZr7mMIG,5,35,,3,"12/2/2026, 1:28:08 p. m."
2xSJbAQUQUCddMpFQIs7SA,Mfh3CBhIzNuxUZr7mMIG,5,36,,4,"12/2/2026, 1:28:08 p. m."
LZdaTTi1TlyPpleYwmmsRQ,Mfh3CBhIzNuxUZr7mMIG,5,37,,3,"12/2/2026, 1:28:09 p. m."
0womIew7RJSIWYNj9MskAQ,Mfh3CBhIzNuxUZr7mMIG,5,38,,4,"12/2/2026, 1:28:09 p. m."
tZ3nFLJJRfeBjChikA1y3A,Mfh3CBhIzNuxUZr7mMIG,5,39,,2,"12/2/2026, 1:28:09 p. m."
rq9bGLJ5R3uGKwn8PP.HRw,KfZxaxb6wYVuF9gObOcQ,1,1,1,3,"18/3/2026, 1:18:38 p. m."
zbSJAVbgQjOAJ-luikJgfQ,KfZxaxb6wYVuF9gObOcQ,1,2,1,4,"18/3/2026, 1:18:43 p. m."
cCAdvokzQfK2Z1XCpn8BWg,KfZxaxb6wYVuF9gObOcQ,1,3,1,4,"18/3/2026, 1:19:00 p. m."
ODc5omBWQgerpM-e0GMY9w,KfZxaxb6wYVuF9gObOcQ,1,4,1,4,"18/3/2026, 1:19:03 p. m."
wZknQy5IQwimP4nu2hTt.g,KfZxaxb6wYVuF9gObOcQ,1,5,1,4,"18/3/2026, 1:19:06 p. m."
w1ZkDojxRkORzThiB5DwSg,KfZxaxb6wYVuF9gObOcQ,1,6,1,4,"18/3/2026, 1:19:09 p. m."
w-.sHRaOTlu8an9vYvtaNw,KfZxaxb6wYVuF9gObOcQ,1,7,1,4,"18/3/2026, 1:19:13 p. m."
POFm2l42RqC8dVP0ReJwWQ,KfZxaxb6wYVuF9gObOcQ,1,8,1,4,"18/3/2026, 1:19:15 p. m."
Y0J1D03yQieacbPx4iv5yA,KfZxaxb6wYVuF9gObOcQ,1,9,1,4,"18/3/2026, 1:19:18 p. m."
9aRsbJjaRTKd51yyelXE2g,KfZxaxb6wYVuF9gObOcQ,1,1,2,4,"18/3/2026, 1:19:21 p. m."
yK8H-AVoTGSFHLnlo3whFw,KfZxaxb6wYVuF9gObOcQ,1,2,2,4,"18/3/2026, 1:19:51 p. m."
4Hu1lXeRRnyDGXUHGe8v0A,KfZxaxb6wYVuF9gObOcQ,1,4,2,4,"18/3/2026, 1:19:57 p. m."
jsf8qG.mTR-fRoFX3ddiMQ,KfZxaxb6wYVuF9gObOcQ,1,3,2,4,"18/3/2026, 1:19:53 p. m."
RPG8pE93T-KxPI2BnuD-ZA,KfZxaxb6wYVuF9gObOcQ,1,6,2,4,"18/3/2026, 1:20:00 p. m."
TpmhYhRHR2q5gV0ZLjkdEQ,KfZxaxb6wYVuF9gObOcQ,1,5,2,4,"18/3/2026, 1:19:59 p. m."
sGXpi9VfQXOEaZZLqanGtg,KfZxaxb6wYVuF9gObOcQ,1,8,2,4,"18/3/2026, 1:20:04 p. m."
8XhBUCFqQ4ePjMiOw6wwxg,KfZxaxb6wYVuF9gObOcQ,1,7,2,4,"18/3/2026, 1:20:02 p. m."
uHbR9ecYRlKVy8hTNbn0Aw,KfZxaxb6wYVuF9gObOcQ,1,9,2,4,"18/3/2026, 1:20:05 p. m."
WNVD0mTZQWemsg6NZbK.jQ,KfZxaxb6wYVuF9gObOcQ,1,1,3,4,"18/3/2026, 1:20:28 p. m."
2BX.y.KFTp2Xd2xHqbgzdQ,KfZxaxb6wYVuF9gObOcQ,1,2,3,4,"18/3/2026, 1:20:29 p. m."
3v2J7mEPTOiP18fhjO93PQ,KfZxaxb6wYVuF9gObOcQ,1,3,3,4,"18/3/2026, 1:20:31 p. m."
iODOtliuSbWPsiycUN-AYA,KfZxaxb6wYVuF9gObOcQ,1,4,3,4,"18/3/2026, 1:20:38 p. m."
DaQ6G192T3y4WZJpl35DMA,KfZxaxb6wYVuF9gObOcQ,1,5,3,4,"18/3/2026, 1:20:39 p. m."
gupqYitaQjKK-hzxpAhKDA,KfZxaxb6wYVuF9gObOcQ,1,6,3,4,"18/3/2026, 1:20:41 p. m."
HaiYi99nQLaYAU3pFP-1Fw,KfZxaxb6wYVuF9gObOcQ,1,7,3,4,"18/3/2026, 1:20:43 p. m."
QL-myf6-S7mtEXMUWqojsQ,KfZxaxb6wYVuF9gObOcQ,1,8,3,4,"18/3/2026, 1:20:49 p. m."
ynABXR.NTi6lCF25hN45jA,KfZxaxb6wYVuF9gObOcQ,1,9,3,4,"18/3/2026, 1:20:52 p. m."
PsMaoEdkTv-0qTuvk2y3lA,KfZxaxb6wYVuF9gObOcQ,2,10,1,4,"18/3/2026, 1:21:21 p. m."
yqZ-bHQWSvKe9zrZdoXgCg,KfZxaxb6wYVuF9gObOcQ,2,11,1,4,"18/3/2026, 1:21:25 p. m."
Ql9Y.wxhTX6GBvjnreI2Nw,KfZxaxb6wYVuF9gObOcQ,2,12,1,4,"18/3/2026, 1:21:29 p. m."
9.195xBHTpm9cOTVgBtTJA,KfZxaxb6wYVuF9gObOcQ,2,13,1,4,"18/3/2026, 1:21:30 p. m."
HlepX5ixQ4WZidgA3.dAfQ,KfZxaxb6wYVuF9gObOcQ,2,14,1,4,"18/3/2026, 1:21:35 p. m."
n3qKrKxzQHWMocX.v.XkFw,KfZxaxb6wYVuF9gObOcQ,2,15,1,4,"18/3/2026, 1:21:38 p. m."
76QYEp6HSZOF8vrxyvyqcQ,KfZxaxb6wYVuF9gObOcQ,2,17,1,4,"18/3/2026, 1:21:41 p. m."
a-gTLbjPBRb2I2uYDFALNZA,KfZxaxb6wYVuF9gObOcQ,2,16,1,4,"18/3/2026, 1:21:39 p. m."
UtkxAO1URLm4nVJzV8vOPw,KfZxaxb6wYVuF9gObOcQ,2,18,1,3,"18/3/2026, 1:21:46 p. m."
EEY6SkOKRyawZDuBo4SYng,KfZxaxb6wYVuF9gObOcQ,2,19,1,4,"18/3/2026, 1:22:53 p. m."
a-n0EA1ibTqeaFSsE9MUpcQ,KfZxaxb6wYVuF9gObOcQ,2,10,2,4,"18/3/2026, 1:22:58 p. m."
S56noICTTHu8sGKoleB9Bw,KfZxaxb6wYVuF9gObOcQ,2,11,2,4,"18/3/2026, 1:22:59 p. m."
VZ9eS0u8TUGgdjfzSPOqYA,KfZxaxb6wYVuF9gObOcQ,2,12,2,4,"18/3/2026, 1:23:02 p. m."
molhJRKpQ6m2aUPpyzDzVQ,KfZxaxb6wYVuF9gObOcQ,2,14,2,4,"18/3/2026, 1:23:04 p. m."
7iI8VXzYSUSpLViGFB-6sA,KfZxaxb6wYVuF9gObOcQ,2,15,2,4,"18/3/2026, 1:23:05 p. m."
eKbsnnAnQAeYSIP8bMJK5g,KfZxaxb6wYVuF9gObOcQ,2,13,2,4,"18/3/2026, 1:23:03 p. m."
lL4Mb0vaQK6JyRP.zm9xpA,KfZxaxb6wYVuF9gObOcQ,2,16,2,4,"18/3/2026, 1:23:07 p. m."
36XwSiHTQMazDwkqJCfF8g,KfZxaxb6wYVuF9gObOcQ,2,17,2,4,"18/3/2026, 1:23:08 p. m."
v8iWXfxWQTCRCacQeetvTw,KfZxaxb6wYVuF9gObOcQ,2,18,2,4,"18/3/2026, 1:23:38 p. m."
z1IxU6qDTDOsx-6uaKATnQ,KfZxaxb6wYVuF9gObOcQ,2,19,2,4,"18/3/2026, 1:23:39 p. m."
aP77NTnmQw-gnU0w9a5M4g,KfZxaxb6wYVuF9gObOcQ,2,10,3,4,"18/3/2026, 1:23:43 p. m."
b.uwDtakREWE5dvweIcE1Q,KfZxaxb6wYVuF9gObOcQ,2,11,3,4,"18/3/2026, 1:23:44 p. m."
II5RV7aGRwCevpxfx6srWg,KfZxaxb6wYVuF9gObOcQ,2,12,3,4,"18/3/2026, 1:23:46 p. m."
ArkqdKz4Q5W7Q8w.RgHdvw,KfZxaxb6wYVuF9gObOcQ,2,13,3,4,"18/3/2026, 1:23:48 p. m."
LArhMiT8TjaIrleXSpDjYg,KfZxaxb6wYVuF9gObOcQ,2,14,3,4,"18/3/2026, 1:23:49 p. m."
I7a1LA0tSfO7xmIQ99rRSQ,KfZxaxb6wYVuF9gObOcQ,2,15,3,4,"18/3/2026, 1:23:51 p. m."
Ps8zXEWfRCiIKDZ1EE6XfA,KfZxaxb6wYVuF9gObOcQ,2,16,3,4,"18/3/2026, 1:23:52 p. m."
INYkSnvtQ-C7GfwYhvDjDA,KfZxaxb6wYVuF9gObOcQ,2,17,3,4,"18/3/2026, 1:23:53 p. m."
V4mSbxg.Q2iVvcZOhSqU1A,KfZxaxb6wYVuF9gObOcQ,2,18,3,3,"18/3/2026, 1:23:56 p. m."
RPLOZeMIQ5CIuCijG-rW9g,KfZxaxb6wYVuF9gObOcQ,2,19,3,4,"18/3/2026, 1:23:58 p. m."
EImbceujRgqEHMu1C.8G7A,KfZxaxb6wYVuF9gObOcQ,3,21,1,4,"18/3/2026, 1:25:01 p. m."
H.EfwCKvRE-HkHKdZm9mzQ,KfZxaxb6wYVuF9gObOcQ,3,20,1,4,"18/3/2026, 1:24:58 p. m."
QKtpnfl-RP6vljtxFkxrDw,KfZxaxb6wYVuF9gObOcQ,3,22,1,4,"18/3/2026, 1:25:05 p. m."
RMzL7YFdTRKuMVFIS0rSOA,KfZxaxb6wYVuF9gObOcQ,3,23,1,4,"18/3/2026, 1:25:06 p. m."
B6F9T6yNQMClmJW6pIfpwA,KfZxaxb6wYVuF9gObOcQ,3,24,1,4,"18/3/2026, 1:25:08 p. m."
t6ob3QhTTTWohkANTlQsIw,KfZxaxb6wYVuF9gObOcQ,3,25,1,4,"18/3/2026, 1:25:08 p. m."
09tzhvENTrK0cp7ZlcN7yw,KfZxaxb6wYVuF9gObOcQ,3,20,2,3,"18/3/2026, 1:25:17 p. m."
a-jBwuFE4RmWhg56m3PaJYA,KfZxaxb6wYVuF9gObOcQ,3,21,2,4,"18/3/2026, 1:25:22 p. m."
CBdBzYM-RLecKtlagYUnng,KfZxaxb6wYVuF9gObOcQ,3,22,2,4,"18/3/2026, 1:25:23 p. m."
tvPixFMESiekivztlgtVNQ,KfZxaxb6wYVuF9gObOcQ,3,23,2,4,"18/3/2026, 1:25:25 p. m."
CgjgCz79QMGi6Sx116PTOw,KfZxaxb6wYVuF9gObOcQ,3,24,2,4,"18/3/2026, 1:25:25 p. m."
feEIAm2dS-anmOgDw9r9lQ,KfZxaxb6wYVuF9gObOcQ,3,25,2,4,"18/3/2026, 1:25:26 p. m."
h1yezIu-T.K4pYVkFjo4lw,KfZxaxb6wYVuF9gObOcQ,3,20,3,4,"18/3/2026, 1:25:30 p. m."
BADKzDj-RaintXPiuoB-UA,KfZxaxb6wYVuF9gObOcQ,3,21,3,4,"18/3/2026, 1:25:31 p. m."
1NbEVyiEQI2FQXjFURFfeQ,KfZxaxb6wYVuF9gObOcQ,3,22,3,4,"18/3/2026, 1:25:32 p. m."
iXGXYr6.THui0BMp7Rgh6g,KfZxaxb6wYVuF9gObOcQ,3,23,3,4,"18/3/2026, 1:25:33 p. m."
bjXTeifmT9aCnZfD7UALig,KfZxaxb6wYVuF9gObOcQ,3,24,3,4,"18/3/2026, 1:25:34 p. m."
qRYhShhYTLuACC9vz8DT2Q,KfZxaxb6wYVuF9gObOcQ,3,25,3,4,"18/3/2026, 1:25:35 p. m."
vl98aF2dTgW4Cx5JourMng,KfZxaxb6wYVuF9gObOcQ,4,26,,3,"18/3/2026, 1:25:45 p. m."
ack0d1AbSEWreqdxLsm7uA,KfZxaxb6wYVuF9gObOcQ,4,27,,4,"18/3/2026, 1:25:47 p. m."
V6pS4oxYQTK87KLe99L5Rw,KfZxaxb6wYVuF9gObOcQ,4,28,,3,"18/3/2026, 1:25:53 p. m."
Oxzm.S7UQQ6DaMwzLvKrDw,KfZxaxb6wYVuF9gObOcQ,4,29,,4,"18/3/2026, 1:25:56 p. m."
a.0swJ6afRHGjR6UUj87AhA,KfZxaxb6wYVuF9gObOcQ,4,30,,3,"18/3/2026, 1:25:59 p. m."
oO37gDkWRy2co3G8Hr-NMQ,KfZxaxb6wYVuF9gObOcQ,4,32,,3,"18/3/2026, 1:26:06 p. m."
m3HbBv8IQf2diQMuIOWD7w,KfZxaxb6wYVuF9gObOcQ,5,33,,3,"18/3/2026, 1:26:17 p. m."
OrQEfYlZTj2Cx8jz3Wpfbg,KfZxaxb6wYVuF9gObOcQ,5,34,,4,"18/3/2026, 1:26:25 p. m."
n4H3.vsnT6KJyLCobSRxXw,KfZxaxb6wYVuF9gObOcQ,5,35,,3,"18/3/2026, 1:26:30 p. m."
wrP3FHuHTtSrhmex4kI1xg,KfZxaxb6wYVuF9gObOcQ,5,36,,4,"18/3/2026, 1:26:33 p. m."
Z5S8Z-B3QqycUNUgXu7vjQ,KfZxaxb6wYVuF9gObOcQ,5,37,,4,"18/3/2026, 1:26:36 p. m."
Fqc-.G2kTuqjfF0OLuLA8Q,KfZxaxb6wYVuF9gObOcQ,5,38,,4,"18/3/2026, 1:26:43 p. m."
qAUp1wW3SLGQAyRY7alO8w,KfZxaxb6wYVuF9gObOcQ,5,39,,3,"18/3/2026, 1:26:44 p. m."
r0C38dSXQmqW6u3JARkfbw,QOTdwSSycyFoqxA6X6pw,1,1,1,3,"18/3/2026, 1:45:39 p. m."
fZn-Fl6VSnG4e1sifFamgA,QOTdwSSycyFoqxA6X6pw,1,4,1,3,"18/3/2026, 1:45:47 p. m."
zOlr4F42S2WEVrH-Zctagg,QOTdwSSycyFoqxA6X6pw,1,3,1,4,"18/3/2026, 1:45:46 p. m."
J8A4vGhGRfizBQkOoBzhEg,QOTdwSSycyFoqxA6X6pw,1,2,1,4,"18/3/2026, 1:45:46 p. m."
4LXgzYyyRVKTu8gtkyaiqA,QOTdwSSycyFoqxA6X6pw,1,5,1,3,"18/3/2026, 1:45:47 p. m."
K0hEyza9R-uDC8F0H7S3kA,QOTdwSSycyFoqxA6X6pw,1,6,1,3,"18/3/2026, 1:45:48 p. m."
HvYxabBdT5OVblbkmXeK0g,QOTdwSSycyFoqxA6X6pw,1,8,1,3,"18/3/2026, 1:45:49 p. m."
f2rTXBIYSuuL1nWGHsFqfA,QOTdwSSycyFoqxA6X6pw,1,7,1,3,"18/3/2026, 1:45:48 p. m."
9sMoLFINRS2a0JjoFwkhlQ,QOTdwSSycyFoqxA6X6pw,1,9,1,4,"18/3/2026, 1:45:49 p. m."
1fBMI1WESBmqDLW1ZbIwuQ,QOTdwSSycyFoqxA6X6pw,1,7,2,3,"18/3/2026, 1:46:38 p. m."
L9UdMnvmQOWh-YOCVGW20w,QOTdwSSycyFoqxA6X6pw,1,1,2,4,"18/3/2026, 1:46:29 p. m."
jYVZlwUoREqInMV4YHM8Sw,QOTdwSSycyFoqxA6X6pw,1,3,2,4,"18/3/2026, 1:46:36 p. m."
5SsWjGUcRNmYOqS09pGV3g,QOTdwSSycyFoqxA6X6pw,1,2,2,4,"18/3/2026, 1:46:36 p. m."
Z16RqvtVRTCqJapHlv0FuQ,QOTdwSSycyFoqxA6X6pw,1,5,2,3,"18/3/2026, 1:46:37 p. m."
NWmLqvBQQseX45X2QQ5RUQ,QOTdwSSycyFoqxA6X6pw,1,4,2,3,"18/3/2026, 1:46:37 p. m."
PsbxvzpqSZ2n9rroeLbc1w,QOTdwSSycyFoqxA6X6pw,1,6,2,2,"18/3/2026, 1:46:38 p. m."
Kp9SpFclR.O9MqNprHM7aQ,QOTdwSSycyFoqxA6X6pw,1,8,2,2,"18/3/2026, 1:46:39 p. m."
KeZulpMiQrqPB98STOv-jg,QOTdwSSycyFoqxA6X6pw,1,9,2,4,"18/3/2026, 1:46:39 p. m."
Z0virc.IRwKtOtcZRRJVXg,QOTdwSSycyFoqxA6X6pw,1,4,3,4,"18/3/2026, 1:47:33 p. m."
gVBXPc34TYuBQoc1RLCIrQ,QOTdwSSycyFoqxA6X6pw,1,1,3,3,"18/3/2026, 1:47:29 p. m."
nvqtDOn5RPWVXT0EyA1RXQ,QOTdwSSycyFoqxA6X6pw,1,3,3,2,"18/3/2026, 1:47:33 p. m."
Mi9kz3gxRlquaZSXbOmqaA,QOTdwSSycyFoqxA6X6pw,1,2,3,4,"18/3/2026, 1:47:32 p. m."
7b3JtMSvRFu9C1iz4yVeNg,QOTdwSSycyFoqxA6X6pw,1,6,3,2,"18/3/2026, 1:47:34 p. m."
jqx94y0DR9Oq0UBRrlYVZA,QOTdwSSycyFoqxA6X6pw,1,7,3,3,"18/3/2026, 1:47:35 p. m."
oPv7FhEUTa6MBA48p3ziFQ,QOTdwSSycyFoqxA6X6pw,1,5,3,3,"18/3/2026, 1:47:34 p. m."
QHqmW9SVRZyiiHfc0YWSfg,QOTdwSSycyFoqxA6X6pw,1,8,3,3,"18/3/2026, 1:47:35 p. m."
V0WhmZKeSce47kBvVBqqTA,QOTdwSSycyFoqxA6X6pw,1,9,3,4,"18/3/2026, 1:47:35 p. m."
ggqENaRXRPipk.enChKrBQ,QOTdwSSycyFoqxA6X6pw,1,5,4,4,"18/3/2026, 1:48:12 p. m."
zEfVgBD8SKGFYaVXOaPBqg,QOTdwSSycyFoqxA6X6pw,1,2,4,3,"18/3/2026, 1:48:10 p. m."
EXGx23CXSiO-gM9a5TcL-A,QOTdwSSycyFoqxA6X6pw,1,3,4,3,"18/3/2026, 1:48:11 p. m."
qZp5XovXRDy0wHAtl.jDMg,QOTdwSSycyFoqxA6X6pw,1,1,4,4,"18/3/2026, 1:48:09 p. m."
KNbK8VTwRMGgA2GUwQcw3w,QOTdwSSycyFoqxA6X6pw,1,4,4,4,"18/3/2026, 1:48:11 p. m."
8yCqLmNKQNi.8XLdgbptRw,QOTdwSSycyFoqxA6X6pw,1,9,4,4,"18/3/2026, 1:48:15 p. m."
s-xn9lU3SpmTYV969d3XhQ,QOTdwSSycyFoqxA6X6pw,1,7,4,4,"18/3/2026, 1:48:12 p. m."
Ziy8HUWKSKmaCheHH2sEzw,QOTdwSSycyFoqxA6X6pw,1,8,4,4,"18/3/2026, 1:48:14 p. m."
lJekIyv6TnetkOx4rdup6w,QOTdwSSycyFoqxA6X6pw,1,6,4,4,"18/3/2026, 1:48:12 p. m."
ukTdZPsjQm29jxXvQUUVew,QOTdwSSycyFoqxA6X6pw,2,12,1,3,"18/3/2026, 1:49:00 p. m."
BVkbwZuTSqeOCQhP-rnhNQ,QOTdwSSycyFoqxA6X6pw,2,10,1,4,"18/3/2026, 1:48:59 p. m."
kg8TwAgsQdKroeS0wdnong,QOTdwSSycyFoqxA6X6pw,2,11,1,2,"18/3/2026, 1:49:00 p. m."
0tg-QFgvSe2DceTNMF.LIw,QOTdwSSycyFoqxA6X6pw,2,13,1,4,"18/3/2026, 1:49:01 p. m."
5yP3EqU2QbGkgmt0mYAtiA,QOTdwSSycyFoqxA6X6pw,2,14,1,3,"18/3/2026, 1:49:01 p. m."
45OY0kf.Qqete.jC6C3RlQ,QOTdwSSycyFoqxA6X6pw,2,17,1,3,"18/3/2026, 1:49:03 p. m."
5kBf.EulTiOZ5JEfdye0Dg,QOTdwSSycyFoqxA6X6pw,2,19,1,4,"18/3/2026, 1:49:04 p. m."
efkg4lSLRiCPoYMaRgC.Kg,QOTdwSSycyFoqxA6X6pw,2,15,1,4,"18/3/2026, 1:49:02 p. m."
tvtK7ZY6TMSHyoGeKdW6oQ,QOTdwSSycyFoqxA6X6pw,2,18,1,3,"18/3/2026, 1:49:04 p. m."
ixoTnPsETZSsyAZsosNNjw,QOTdwSSycyFoqxA6X6pw,2,16,1,3,"18/3/2026, 1:49:02 p. m."
qZxVfj27TPSeRXRniApWcQ,QOTdwSSycyFoqxA6X6pw,2,10,2,2,"18/3/2026, 1:49:59 p. m."
5buAKoJBTZ-sqnQxy7F46A,QOTdwSSycyFoqxA6X6pw,2,12,2,4,"18/3/2026, 1:50:05 p. m."
ThgX0I-LQnCHrEsgnkE16Q,QOTdwSSycyFoqxA6X6pw,2,11,2,3,"18/3/2026, 1:50:05 p. m."
mM0tNQBMSEqFpuR0j54zTg,QOTdwSSycyFoqxA6X6pw,2,13,2,4,"18/3/2026, 1:50:06 p. m."
oY4zbCv9Q5C1bTCIvN1eRQ,QOTdwSSycyFoqxA6X6pw,2,14,2,4,"18/3/2026, 1:50:06 p. m."
a-h3vRkwUTMupzrIE.FDOBw,QOTdwSSycyFoqxA6X6pw,2,15,2,4,"18/3/2026, 1:50:07 p. m."
OYZClLygRHOgiYMWA-Z41w,QOTdwSSycyFoqxA6X6pw,2,16,2,4,"18/3/2026, 1:50:07 p. m."
aFaJg85pSM-qUAHciTuoTw,QOTdwSSycyFoqxA6X6pw,2,17,2,4,"18/3/2026, 1:50:08 p. m."
gylnI-sfTLC32T3z7R3T8Q,QOTdwSSycyFoqxA6X6pw,2,18,2,4,"18/3/2026, 1:50:08 p. m."
fWMQpFFFSs6SaaiSjzGMNg,QOTdwSSycyFoqxA6X6pw,2,19,2,2,"18/3/2026, 1:50:09 p. m."
DxcgP9fFRhqKI9e5FMI3dw,QOTdwSSycyFoqxA6X6pw,2,19,3,3,"18/3/2026, 1:50:59 p. m."
bHOrqtCFSWCl2kElP1FTJA,QOTdwSSycyFoqxA6X6pw,2,16,3,4,"18/3/2026, 1:51:00 p. m."
TOwWiratSAa3lWPI.hUnog,QOTdwSSycyFoqxA6X6pw,2,14,3,4,"18/3/2026, 1:51:01 p. m."
HKyLBZmiSu2VdYSYTz4YnQ,QOTdwSSycyFoqxA6X6pw,2,13,3,5,"18/3/2026, 1:51:01 p. m."
mHuEe-PeSKm6o.8-pIGC6w,QOTdwSSycyFoqxA6X6pw,2,15,3,4,"18/3/2026, 1:51:01 p. m."
TitN9XTMSkK36--D31zi1g,QOTdwSSycyFoqxA6X6pw,2,17,3,4,"18/3/2026, 1:50:59 p. m."
SdVggeewSaybefgRR7qwmQ,QOTdwSSycyFoqxA6X6pw,2,11,3,3,"18/3/2026, 1:51:03 p. m."
3gTMoJJaTfywBWizLtyq5Q,QOTdwSSycyFoqxA6X6pw,2,12,3,4,"18/3/2026, 1:51:02 p. m."
0pSS.Cc.RBq1hsR5ggTkuA,QOTdwSSycyFoqxA6X6pw,2,10,3,4,"18/3/2026, 1:51:03 p. m."
Z7kabK5ERrS9ew6KYO-i3w,QOTdwSSycyFoqxA6X6pw,2,18,3,4,"18/3/2026, 1:51:04 p. m."
a-4keK.qATUaXtG3B3GjTIA,QOTdwSSycyFoqxA6X6pw,2,10,4,4,"18/3/2026, 1:52:09 p. m."
ViTSWEk1TnaCvMi9VSXtFw,QOTdwSSycyFoqxA6X6pw,2,12,4,4,"18/3/2026, 1:52:19 p. m."
1bTb6tQ7SlqLAgdC8JkFrw,QOTdwSSycyFoqxA6X6pw,2,13,4,5,"18/3/2026, 1:52:20 p. m."
4dJq9YCTT0evL0bpV2AwGA,QOTdwSSycyFoqxA6X6pw,2,14,4,4,"18/3/2026, 1:52:20 p. m."
jp3MglpNTBa3Q0T8GPm4AQ,QOTdwSSycyFoqxA6X6pw,2,11,4,4,"18/3/2026, 1:52:19 p. m."
ovDlV.azQkKMl2olkIaNeQ,QOTdwSSycyFoqxA6X6pw,2,15,4,4,"18/3/2026, 1:52:21 p. m."
Xca15P3bRRGt1CpqyfClXQ,QOTdwSSycyFoqxA6X6pw,2,16,4,4,"18/3/2026, 1:52:21 p. m."
MMxdiD9pRQKdviDerdi83w,QOTdwSSycyFoqxA6X6pw,2,17,4,2,"18/3/2026, 1:52:22 p. m."
Sq.xbnajSuyCgrkRQzZcyw,QOTdwSSycyFoqxA6X6pw,2,18,4,4,"18/3/2026, 1:52:23 p. m."
ExZhrVmGQWmovCA8O8eS6g,QOTdwSSycyFoqxA6X6pw,2,19,4,3,"18/3/2026, 1:52:23 p. m."
Od45GL-vT5yXLHkcCaZFjg,QOTdwSSycyFoqxA6X6pw,3,20,1,3,"18/3/2026, 1:52:59 p. m."
w26vKkEvTX2XkQjCjkG13Q,QOTdwSSycyFoqxA6X6pw,3,21,1,3,"18/3/2026, 1:53:06 p. m."
vuHCpdSSSBmWy8jsc3nlsw,QOTdwSSycyFoqxA6X6pw,3,23,1,2,"18/3/2026, 1:53:07 p. m."
AHZg8jcLTbKUz933VILZXQ,QOTdwSSycyFoqxA6X6pw,3,22,1,3,"18/3/2026, 1:53:07 p. m."
JBEs8s7ASgO-fRIIP4RfPw,QOTdwSSycyFoqxA6X6pw,3,24,1,4,"18/3/2026, 1:53:08 p. m."
F9spraPqTHq4sqDJ4myxNg,QOTdwSSycyFoqxA6X6pw,3,25,1,3,"18/3/2026, 1:53:09 p. m."
I5XxRzeAR.ClNuSfddQOlg,QOTdwSSycyFoqxA6X6pw,3,20,2,2,"18/3/2026, 1:53:29 p. m."
w2CW5BFbTmaH4Zmp6Da-4A,QOTdwSSycyFoqxA6X6pw,3,21,2,4,"18/3/2026, 1:53:34 p. m."
qI7xyqfxTkWFFm9wPQA2uw,QOTdwSSycyFoqxA6X6pw,3,22,2,3,"18/3/2026, 1:53:34 p. m."
jvemYgZ6QVKICNVwh8ejkw,QOTdwSSycyFoqxA6X6pw,3,23,2,3,"18/3/2026, 1:53:35 p. m."
o1IZ5zpeTFS.2F4ZFql77Q,QOTdwSSycyFoqxA6X6pw,3,24,2,4,"18/3/2026, 1:53:35 p. m."
Gzc9UZDWTvyPXCLQW-XxbQ,QOTdwSSycyFoqxA6X6pw,3,25,2,3,"18/3/2026, 1:53:36 p. m."
2iJ.FVTSQoSm16NKf3KV2g,QOTdwSSycyFoqxA6X6pw,3,20,3,3,"18/3/2026, 1:53:59 p. m."
59TEBMziST2220wTQ0fTYw,QOTdwSSycyFoqxA6X6pw,3,21,3,4,"18/3/2026, 1:54:01 p. m."
sDT8Rw-IQs6FSppyGcXIfA,QOTdwSSycyFoqxA6X6pw,3,22,3,4,"18/3/2026, 1:54:02 p. m."
tAJowCkORDKL-a1MOdoDmg,QOTdwSSycyFoqxA6X6pw,3,23,3,4,"18/3/2026, 1:54:02 p. m."
7QuXEdGeTFiFtwvqdwxs6g,QOTdwSSycyFoqxA6X6pw,3,24,3,4,"18/3/2026, 1:54:02 p. m."
kcZBn.lRQym7inY-ka-SEg,QOTdwSSycyFoqxA6X6pw,3,25,3,4,"18/3/2026, 1:54:03 p. m."
a.pCJBtbaQjeaGTJBWTMFyg,QOTdwSSycyFoqxA6X6pw,3,20,4,4,"18/3/2026, 1:54:39 p. m."
CX3GEnZARFG7wSRqEO--WQ,QOTdwSSycyFoqxA6X6pw,3,21,4,3,"18/3/2026, 1:54:39 p. m."
0KqzfoXrTCqptwDYGN5XtA,QOTdwSSycyFoqxA6X6pw,3,22,4,4,"18/3/2026, 1:54:40 p. m."
W4V6CH32Qve3UwjfO4EGWg,QOTdwSSycyFoqxA6X6pw,3,23,4,3,"18/3/2026, 1:54:40 p. m."
ZQo5LFHdSxGNW5qq.nPhxg,QOTdwSSycyFoqxA6X6pw,3,24,4,4,"18/3/2026, 1:54:41 p. m."
OKxQrFf5QTWXJoSCQ1ERlw,QOTdwSSycyFoqxA6X6pw,3,25,4,4,"18/3/2026, 1:54:41 p. m."
CTL6QUB8R7OT74tBcQD93A,QOTdwSSycyFoqxA6X6pw,4,26,,4,"18/3/2026, 1:55:29 p. m."
z-H26RbiRMaJbA-oHe.lvQ,QOTdwSSycyFoqxA6X6pw,4,27,,4,"18/3/2026, 1:55:32 p. m."
A9Ghq3m3QnSmMHp5iN8bzw,QOTdwSSycyFoqxA6X6pw,4,28,,3,"18/3/2026, 1:55:33 p. m."
u6XWhgqRSpGPfgoiLeTlgA,QOTdwSSycyFoqxA6X6pw,4,29,,3,"18/3/2026, 1:55:33 p. m."
yn0Tn1FlSKyipfBYxWZEGA,QOTdwSSycyFoqxA6X6pw,4,30,,2,"18/3/2026, 1:55:34 p. m."
C.Rl8b.fQUOMzP6LZ3NJGA,QOTdwSSycyFoqxA6X6pw,4,31,,3,"18/3/2026, 1:55:34 p. m."
5qteuErBRG-g6kq5DVR-tw,QOTdwSSycyFoqxA6X6pw,4,32,,2,"18/3/2026, 1:55:35 p. m."
FN7DjZTxTNywduGt5iUPxg,QOTdwSSycyFoqxA6X6pw,5,33,,2,"18/3/2026, 1:55:49 p. m."
C.SA0LguSW6ZUQ07Yp6mdw,QOTdwSSycyFoqxA6X6pw,5,35,,2,"18/3/2026, 1:55:58 p. m."
3iAGyNKuQI--CahDTa1hhA,QOTdwSSycyFoqxA6X6pw,5,34,,3,"18/3/2026, 1:55:57 p. m."
TTGCPQDNTMCnUNUZ.KLcQQ,QOTdwSSycyFoqxA6X6pw,5,36,,2,"18/3/2026, 1:55:59 p. m."
I7amY3vGRkmyxy6J4Usbbg,QOTdwSSycyFoqxA6X6pw,5,37,,4,"18/3/2026, 1:55:59 p. m."
xg9ljjy1Qc6kdF2eIU1DYA,QOTdwSSycyFoqxA6X6pw,5,38,,4,"18/3/2026, 1:56:00 p. m."
4nL59QuaT36oDY9UVKMVKg,QOTdwSSycyFoqxA6X6pw,5,39,,4,"18/3/2026, 1:56:00 p. m."