daily_metrics_id,session_id,user_id,created_time,venue,TWD,TWS New (Deprecated),TWS New V3,TWS-,TWS+,sea_state,type_of_day,primaries,lowers,caps,board,bridle,outhaul,track,clew,tack_height,course_area,free_notes,conditions,current,vang,cunningham
NOTZJgfJQvmFY4-Cul4EiQ,yo6mh2mmR6iVpu7G9OoHZQ,vlTNteyCRm6-hOs.YN5HeQ,"5/2/2025, 7:07:12 p. m.",MDQ,E,DP 13-18,DP 12-18,14,18,swell,"Keep it simple (wave day, offset left) ",20,-3.5,-0.5,"1,3",4,2,4,middle,"2,3",,,,,,
yHrQKsVQQ7q2otJeJMDuJA,FcTZQnrkSYC-2.6NjDqfOg,vlTNteyCRm6-hOs.YN5HeQ,"6/2/2025, 8:51:54 p. m.",MDQ,NW,"DT 4-8,FP 9-12","DT 5-8,FP 9-11",4,9,swell,"Wave day, keep it simple ",0,-0.5,0,0,3,1,3,top,6,,,,,,
DIE7kjGVQVG6m8tceKmzLw,wLKXzjYFRoOb.GYaqmAUtA,vlTNteyCRm6-hOs.YN5HeQ,"8/2/2025, 6:51:54 p. m.",MDQ,"SW,W,NW","DP 13-18,S +23","DP 12-18, S 24+",16,24,flat,Unstable/high frequency shifts ,24,-3.5,0.5,"2,4",4,1,"4,5",middle,5,Inner,Would the sail have been able to take more vang? Check the photos/video. Able to make up and straight lines. ,,,,
9qga83p8SBGQCZm5f0OY7w,TvDFuB5VQquDIUTjI1vc5Q,vlTNteyCRm6-hOs.YN5HeQ,"9/2/2025, 3:46:53 p. m.",MDQ,SW,DT 4-8,DT 5-8,5,8,swell,Light offshore day with swell from the SW. waves skew right.  ,0,"-0.5,0",0,0,2,"1,2",3,top,"6,7",South ,"Swell skew right. This creates a permanent fast/slow upwind and DW. 

To do’s: note when the boat gets slow and how to re-hook up",,,,
mzEEXp3qRJ2It4Z7N7LWhA,wWHS4UZsSNaAJfSXpWeAsA,vlTNteyCRm6-hOs.YN5HeQ,"13/2/2025, 5:40:26 p. m.",MDQ,S,"FP 9-12,DP 13-18","FP 9-11,DP 12-18",12,15,swell,Steady ocean day,"10,15",-3,-0.5,"0,1",4,1,4,"middle,top",6,,"2 needs, effectively keep flow over the foils and find height when possible. ",,,,
An8lggVjTA2EzuQFSndocQ,vsJ79VXsT0iN3qqMUEafCw,vlTNteyCRm6-hOs.YN5HeQ,"17/2/2025, 6:47:48 p. m.",MDQ,S,"DP 13-18,S +23","DP 12-18, S 24+",15,24,swell,Keep it simple ,20,"-4,-3","0,0.5","1,3",4,2,4,middle,4,Outside south ,"Didn’t play with caps so I can really see the lowers. Trying to isolate the variables currently.  
SM, should be quicker with the fore aft on the fast/slow. ",,,,
kRBbVpRYSB6YUJybvPxCtw,Bd19.0QgSV2JUJV41Mdelw,vlTNteyCRm6-hOs.YN5HeQ,"17/2/2025, 6:54:15 p. m.",MDQ,NW,"DT 4-8,DP 13-18","DT 5-8,DP 12-18",8,16,swell,"Dirty, 45* left shore","4,10","-1,1",0,0,3,1,"3,4",top,,,Incomplete course pressure.  Tricky track to solve.  ,,,,
zEq-QLN1RcO3isn2mnpKQQ,j.Rir4KcRZa26uXJXoKkag,aIrXJYDxSY-34QA0BF9AwA,"5/3/2025, 4:14:33 p. m.",BUE,"N,NE","ST 0-3,DT 4-8","ST 0-4,DT 5-8",,,flat,,,,,,,,4,top,"7,9",Right,A free note on a wednesday,,,,
obDvKdFdSWyhXVLrDyqCVg,PJfrmWCQR.qhCcy37IS5Ug,vlTNteyCRm6-hOs.YN5HeQ,"8/3/2025, 4:45:56 a. m.",Palma ,"E,SE","ST 0-3,DT 4-8","ST 0-4,DT 5-8",,,flat,"Light and shifty, stormy ",0,"-4,0",0,0,0,0,3,top,,Medal Race,"First day for 125 main. Happy with where the luff wrinkles are and the depth. 
Spinnaker halyard needs to be checked, a vang scale needs to be added to the boat and acetone needs to be applied to clean off goop. ",,,,
AGgP4mEdRDGNvWVxzCqemw,oO69dOpnStOD1meo63NGsw,vlTNteyCRm6-hOs.YN5HeQ,"8/3/2025, 5:42:09 p. m.",Palma ,"SE,S","FP 9-12,DP 13-18","FP 9-11,DP 12-18",,,flat,Unstable,"3,9,12","-3,-1,0","-1,-0.5,0","0,1",3,1,"3,4","middle,top",,2,"(Both) Working on developing sensation and vision for the jib chart. 
Clew:tack crossover?
Developing easy boat with most depowered settings once the day was 11-15",,,,
luhwIcECSyOIA.ymsFxAXQ,TgPVjdFFTWmEMf1sGmOq.A,vlTNteyCRm6-hOs.YN5HeQ,"10/3/2025, 6:39:12 a. m.",Palma,S,"DT 4-8,FP 9-12","DT 5-8,FP 9-11",,,swell,Strong side or Don’t Know,"0,3",1,0,0,3,,"3,4",top,,A,+1 lowers was effective for leech. Double check if base has moved.,,,,
T7SZ1C2-SNuZ0x6ALGsNJg,jBsUyYoQTw-jyUa2b5hqBw,vlTNteyCRm6-hOs.YN5HeQ,"11/3/2025, 3:25:02 p. m.",Palma ,"S,SW","FP 9-12,DP 13-18","FP 9-11,DP 12-18",,,swell,,"4,10,12","-3,-2","-1,-0.5",0,4,2,"3,4",top,"2,5",2,"P 12
L -3
C -1
Vang 2 fingers past bars ",,,,
0oumMyFFRw-RQzEDmI3etA,vGPfSAr8SDeVJ0qT6AKYqA,vlTNteyCRm6-hOs.YN5HeQ,"13/3/2025, 2:43:03 p. m.",Palma,SW,FP 9-12,FP 9-11,,,swell,Stable breeze,"3,5","-1,-0.5","0,0.5",0,4,1,"3,4","middle,top",,1,"New tack line, will have marks manana.",,,,
GuNuPmkUTXWD5kY.G8WyGg,7D5gYRkGQICZ5WCTi64kkA,vlTNteyCRm6-hOs.YN5HeQ,"15/3/2025, 5:02:48 p. m.",Palma ,"SW,W","FP 9-12,DP 13-18","FP 9-11,DP 12-18",,,swell,,"10,16","-4,-3","-1,-0.5",0,4,1,4,middle,"4,6",1,"Austrians were more vang but board 2 steps up.  

Our vang was 2 fingers past the bars giving return on the bottom panel.  
Bridle could have been half up with the vang we ran today. 
Bottom panel was getting flat.  ",,,,
QCy0S3OvQ8CVhHwLpX-.kg,1.9ZJIzzRN-MFI-vtsJO3A,vlTNteyCRm6-hOs.YN5HeQ,"16/3/2025, 5:29:29 p. m.",Palma ,SW,"DT 4-8,FP 9-12","DT 5-8,FP 9-11",,,swell,,"2,3",0,"0,0.5",0,4,1,3,top,,1,"Second set up, with the cap half up was a rocket in 10-12",,,,
Ur6flpXDTS2jg4gR5c8IpQ,aFRDHCNKQjSIV1ngt0nlMA,vlTNteyCRm6-hOs.YN5HeQ,"17/3/2025, 1:11:18 p. m.",Palma,"N,NW",ST 0-3,ST 0-4,,,flat,Shifty. Pressure and angle variable. ,-2,-4,-0.5,0,0,0,3,top,,1,,,,,
yUvRRp1CSVifAySwMFQIrg,V7SUTEfiRvmIqtCQQs16vw,vlTNteyCRm6-hOs.YN5HeQ,"22/3/2025, 5:01:28 p. m.",Palma ,"SW,W",DP 13-18,DP 12-18,,,swell,"Open main, offset left swell or almost even on max right","12,18","-4,-3","-1,0","0,2",4,1,4,"middle,top",,1,"Rudder, jib, vang combo…",,,,
GH6NmHZ-R3KV7EzHqO-4.w,KasG5e67TDO4xLSQueBaVg,vlTNteyCRm6-hOs.YN5HeQ,"23/3/2025, 1:23:25 p. m.",Palma,SW,OP 19-22,OP 19-23,,,swell,Strong and slight offset left waves,"22,24",-6,"-1,-0.5,0",3,4,"1,2","4,5",middle,,1,"12-16 cap range
Track 5 reserved for full survivor 
Found max down on middle clue 
Funky inversion on batten 6 all day even with extremely loose lowers.  ",,,,
sEFOhWHzS-Sb2TXDcsOU8Q,eBW3czDoT2OXxQ4RJAf2Pg,vlTNteyCRm6-hOs.YN5HeQ,"24/3/2025, 6:08:29 p. m.",Palma,SW,"FP 9-12,DP 13-18","FP 9-11,DP 12-18",,,swell,Open main,"10,12,16","-3,-2","-1,-0.5","0,1",4,2,"3,4",top,,1,"Tack height, -0.25…-.5
Vang 2.5 at 10, 2.7 at 16
*in addition to develop the rocket, utilize controls to put depth into the main when long periods outside of ideal. ",,,,
QnIWQHv9Qc6E.sQ3-SCvGQ,bduBPqjgRKKps7wI9fVrGQ,vlTNteyCRm6-hOs.YN5HeQ,"25/3/2025, 1:20:01 p. m.",Palma ,SW,"DT 4-8,FP 9-12","DT 5-8,FP 9-11",,,chop,4ft closed main ,"0,3",0,0,0,2,1,3,top,,1,Possibly -0.5 cap in last race to allow boat to squirt forward…,,,,
s4TVcKlIQNuUFP8x3FT5xg,0Tzyp2uPSeChcT3ObNsOUw,vlTNteyCRm6-hOs.YN5HeQ,"27/3/2025, 3:01:25 p. m.",Palma ,SW,"ST 0-3,DT 4-8,FP 9-12","ST 0-4,DT 5-8,FP 9-11",,,chop,4ft closed main,"0,3,6","-1,-0.5,0","-0.5,0",0,"0,2,3","1,2",3,top,,1,Tack height at -0.5. Lowest was -1.0 (limit low for the conditions ,,,,
DMs8MkFJQZaHDVLxxGdyyQ,NdJ-3MCVRGGXcVFTtyjitQ,vlTNteyCRm6-hOs.YN5HeQ,"28/3/2025, 4:01:53 p. m.",Palma ,"SW,W","ST 0-3,DT 4-8,FP 9-12","ST 0-4,DT 5-8,FP 9-11",,,chop,,"0,1,6","-1,0","-1,0","0,1",3,"1,2","3,4",top,,1 ,,,,,
kZfILvaxQS-qQv868xs5vA,m24jNWdJSpWRcVt7emdc1A,vlTNteyCRm6-hOs.YN5HeQ,"30/3/2025, 1:50:45 p. m.",Palma ,"W,NW",FP 9-12,FP 9-11,,,flat,4ft tight main ,4,"-1,0","-0.5,0",0,2,1,"3,4",top,,"1, 3",Important to keep my head up during boundary drills to dial in controls and comms to Nev. ,,,,
kIYmeSTsQHaZRMZv260Q1Q,cz9KILl4Thi.8kIlM9PmQQ,vlTNteyCRm6-hOs.YN5HeQ,"31/3/2025, 5:42:38 p. m.",Palma ,SW,FP 9-12,FP 9-11,,,chop,None of the above (pressure variable?),"0,3,6","-1,0",0,0,2,1,"3,4",top,,3,"6,-1 seemed to be too many primaries in this sub 11 knots… hard to say other than be a little more covered for the lulls when it’s this shifty. Thinking lowers, particularly. ",,,,
7mp2lZdiTWWHlpx-Ozc8UA,yAvxP18kRfCeEHZtDw499g,vlTNteyCRm6-hOs.YN5HeQ,"1/4/2025, 1:32:53 p. m.",Palma ,SW,"DT 4-8,FP 9-12,DP 13-18","DT 5-8,FP 9-11,DP 12-18",,,chop,"4ft tight main, open main ","0,6,8","-1.5,-0.5,0","0,1",0,"1,3","1,2","3,4",top,,3,"Possible missed primary depower on last race (p=10)
R1, boat felt a tad unforgiving with the cap 1 down.  Need more hours in this setting and condition. ",,,,
NiENdz7AQZCvQLqa3r48hg,fpvRB7ORQIaMswrMv2EHKg,vlTNteyCRm6-hOs.YN5HeQ,"2/4/2025, 2:06:12 p. m.",Palma ,SE,FP 9-12,FP 9-11,,,chop,Open main,8,"-2,-1.5",-1,0,3,1,3,top,,2,"Cap up was great! Ian work on gate exits, and how quickly we can get through the gears without stalling the main.  ",,,,
ESj.axjEQeWvmT7Px4FVdA,uLvxVX6VSoKEgWpim8VI1A,vlTNteyCRm6-hOs.YN5HeQ,"3/4/2025, 11:33:01 a. m.",Palma,"NE,E","DP 13-18,OP 19-22","DP 12-18,OP 19-23",,,flat,Open main to strong. Pressure on outside of course. ,"11,20","-4,-2.5",-1,"0,4",3,"1,2",4,"middle,top",,2,Want to try cap at base and lowers 1.5 to 2 looser than normal to match the top guys in todays conditions… ,,,,
25pqRz-bQXGO54k9Dy6zXg,t.c9I4PGS9GbZTcmPOYbpw,vlTNteyCRm6-hOs.YN5HeQ,"5/4/2025, 1:04:26 p. m.",Palma,SW,"FP 9-12,DP 13-18","FP 9-11,DP 12-18",,,chop,"Open main, steady pressure and angle",4,0,0,0,3,1,3,top,,1,,,,,
MkrlIHqrQHOLXQKW1y1CJw,a-8sM3NC4RGGtcXs6zJon6Q,sIY5BybFSMa.UrJYdtwAbQ,"18/4/2025, 7:04:29 p. m.",,"W 270º,NW 315º",DP 13-18,DP 12-18,,,chop,Offshore corners,,,,,,,,,,,,,,,
HL3r4M.tQ8OGVDDod8Y5gw,xx-i91JvT5alV3-UaBptMQ,vlTNteyCRm6-hOs.YN5HeQ,"20/4/2025, 1:42:55 p. m.",Hyeres,SE 135º,"ST 0-3,DT 4-8","ST 0-4,DT 5-8",,,flat,0-2… 4ft tight main… steady and slow puffs,0,0,"0,0.5",0,"0,1,2","0,1",3,top,,,"Cap half down accomplished a more rigid feel to the boat.  
Using the boom DW to read the rhythm of the mode.  
",,,,
4PUv7k8SSfm5U2eeuYnU8A,rC6GxPXzTRKgFphE9hSg1A,vlTNteyCRm6-hOs.YN5HeQ,"21/4/2025, 12:17:27 p. m.",Hyeres,W 270º,"FP 9-12,DP 13-18","FP 9-11,DP 12-18",,,flat,"Stable breeze, sometimes incomplete pressure right","8,12",-2,-0.5,0,4,1,4,top,,Charlie,Looking to increase downwind ability.  *Check to work*,,,,
BfSKAl9ZQgmy6IFlqg0xBA,7WHpTH17TAG5QmojIbe2dA,vlTNteyCRm6-hOs.YN5HeQ,"23/4/2025, 5:09:22 p. m.",Hyeres ,W 270º,"DP 13-18,OP 19-22,S +23","DP 12-18,OP 19-23,S 24+",,,flat,Steady… survivor ,"10,24","-5.5,-2","-1,0.5","1,4,5",4,1,"4,5","middle,top",,"Charlie, foxtrot ","AUT
27
-9
Jib T5, middle, max down on tack ",,,,
ztpPZQ9iQfK0eIGm3b7PkQ,iSMe515MSdiuZWHtp8eZ4A,sIY5BybFSMa.UrJYdtwAbQ,"24/4/2025, 7:10:13 p. m.",,,,,,,,,,,,,,,,,,,"Try more primary’s (27)
Less lowers (-8)
Track 4
Board up high",,,,
67NmnRFSQ5S03QciyaFKIw,jEkkngySQqeJ-nEvHVKYUg,sIY5BybFSMa.UrJYdtwAbQ,"26/4/2025, 8:17:22 p. m.",Hyeres,E 90º,DP 13-18,DP 12-18,,,chop,One side favoured,13,-3.5,-1,3,,,4,top,,Medal race,"Se should try cap -0,5 instead of -1",,,,
GNrMusj7T8On4yBUqJMHtg,ClqnP4Y1Rq2ewjjnWo.9dA,vlTNteyCRm6-hOs.YN5HeQ,"14/5/2025, 10:30:51 a. m.",MYC,SE 135º,"FP 9-12,DP 13-18","FP 9-11,DP 12-18",,,flat,Dirty offshore ,6,-1,-1,1,4,1,4,top,2,Monument ,"Old sails, very flat bottom panel on the main. ",,,,
4GB5jRbAQoOfRaJcy0c3hw,a.c9HnaqJSweTE7tSxRPxiQ,vlTNteyCRm6-hOs.YN5HeQ,"14/5/2025, 10:35:30 a. m.",MYC,SE 135º,FP 9-12,FP 9-11,,,flat,"Steady ocean, pressure variable ",0,0,0,0,2,1,4,top,3,North side ,"Watching top panel of jib during complex maneuvers if I have outside covered will help me progress here. 

Full power, trapeze height relative to platform discussion…",,,,
N8urBBPdQyOUUN8WcPIbQA,fYz-dKBDSjyA9ymdydS36w,V79vQdnNSQecBkOCiH9HEA,"23/5/2025, 4:22:02 p. m.",,,"DT 4-8,FP 9-12","DT 5-8,FP 9-11",,,,,,,,,,,,,,,,,,,
b5.bPlAnQVqdyEvKXBdfFw,fYz-dKBDSjyA9ymdydS36w,V79vQdnNSQecBkOCiH9HEA,"23/5/2025, 4:22:17 p. m.",,,DT 4-8,DT 5-8,,,,,,,,,,,,,,,,,,,
V9SthL2cQ1K0-uaaPGLjvQ,dlBmwdrsQHmKLSTkh0zzlw,vlTNteyCRm6-hOs.YN5HeQ,"27/5/2025, 3:53:43 p. m.",Thessaloniki,N 0º,DP 13-18,DP 12-18,,,chop,Pressure variable ,"12,15",-4,-1,"1,2",,1,4,"middle,top",,B,"Happy with the theory of board up to match a potentially more powerful sail plan. Worth trying in the future. When in the choppy and full power range. 


**For Greece** (Pre-chat at home)
- Identifying the small differences and being aware from 8-12kts in all the micro adjustments to gain 1m and not lose 5BL
- Light seabreeze and very patchy
	- Nathan mode (moving around) or fighting for our spot in pre-start strategy
- Practice long line work
- Speed testing with the Austrians
	- Upwind finding moments for forward mode
	- Downwind identifying where VMG is (Low or higher?)
- Upwind tight layline work, opens up playbook
- Mindset
	- We've proved on staying tight together and staying untouchable as a team (no matter the mistakes)
	- Getting on our habits of support when the answers are not clear
- Testing the new kite + orange kite?
- Setup
	- Caps tension (maybe going that half lower)
	- Awareness of where to put the lowers (3, 4, 5 lowers off in single trap?)
	- Tighter on caps but easing up turnbuckles
- Downwind ease halyard 4cm on kite to allow kite to release away
- Which mast and which forestay?
	- Olympic mast
	- Short forestay",Offshore playing the shifts and gusts,,,
a.Jxi2L3FTv2RM-rCoz4jjw,VqtfxadhTmKESMC7FJlUFA,vlTNteyCRm6-hOs.YN5HeQ,"28/5/2025, 3:03:45 p. m.",Thessaloniki,N 0º,DP 13-18,DP 12-18,,,chop,Pressure and angle… finding moments when pressure is complete across the course. Use course geometry ,"12,15,18","-4,-3.5",-1,"1,2",4,1,4,middle,0,A,"Happy with comms and coordination on UW connecting different pressure lines. 
DW, big improvement with the black kite. Taking note on how important shape is. Body work is an avenue to improve, being back and rigid through chop and also utilizing back foot to get over waves. ",Offshore playing the shifts and gusts,,,
XeJSmaczRZm1KH0HbFEtvA,zpjbQWQkSOSkWvIqC9gPvw,vlTNteyCRm6-hOs.YN5HeQ,"29/5/2025, 4:29:06 p. m.",Thessaloniki ,"SW 225º,W 270º","ST 0-3,DT 4-8,FP 9-12","ST 0-4,DT 5-8,FP 9-11",,,flat,"Light and unstable, safety right","-2,0","-4,-3,0",1,0,2,1,3,top,1,B,"Ended up at 3mm prebend…

**Alexander the Great Regatta (Pre-Regatta)**
Day 1
Shifty 10-18kts from 300-340º we sailed mostly on Course A which is sort of on the corner of the Thessaloniki Yacht Club area.  There were a few container ships anchored upwind of us on the other side of the channel.  It was a day of shifty winds and unpredictable puffs.

Strategy
The wind from the right would often wave through the course, moving quickly.  Whereas, the wind from the right would sit off of the course above the port layline and really only reward those who went all the way out there.  There were shifts 

Day 2
Unstable sea breeze 200-220º 5-10kts.  Was a mostly right hand biased track with opportunities across the middle at time.  We were on course B which is slightly more East of the point off of the Yacht Club.  End of day big right shift.",One side favored,,,
jamsr4H3SdySefiFklsGYg,QzPaSdMpRuWlvXOtVzNicg,vlTNteyCRm6-hOs.YN5HeQ,"30/5/2025, 11:25:39 a. m.",Thessaloniki ,NW 315º,"FP 9-12,DP 13-18","FP 9-11,DP 12-18",,,chop,Dirty pressure and angle…,"8,12","-2,0","-1,-0.5","1,2",2,1,4,"middle,top","1.5,0",A,Ended up -2 on starboard and base on the port lower for the final race. ,,,,
JzlrHKpcSNSU08koC3Azzw,b3K6YLrQSsW1Xv9DTvCzEg,vlTNteyCRm6-hOs.YN5HeQ,"31/5/2025, 4:41:28 p. m.",Thessaloniki,W 270º,ST 0-3,ST 0-4,,,flat,Minus ,0,-3,1,0,0,2,3,top,1,A,"Kite timing on gybe is critical. Need to have luff working on new side by DDW.  

",,,,
soHZyTvFSCma7fnsxvbrjA,CUc18JwETzeUtxSFcgaNIA,pOIJawgCRnSTct2LpGPoig,"1/6/2025, 1:57:31 p. m.",,,,,,,,,-1,-2,0,0,,,,,,,"Puesta a punto:
Tensiones al volver del agua:

Medios: 27 
Altos: 21
Bajo: 17

Vueltas:
- -1 en los primarios (cuando soltamos bajos, cazar primarios en vez de soltar) +2
- -2 en el bajo
- +0,5 el alto ",,,,
YG.xWUrbSwCtbFF79AGtvQ,fsQkuOIwQiOhHY86Uyw-aA,vlTNteyCRm6-hOs.YN5HeQ,"2/6/2025, 12:43:51 p. m.",Thessaloniki ,SW 225º,ST 0-3,ST 0-4,,,flat,Minus,2,-3,-1,0,0,1,3,top,,A,"Reminder for the main to follow the angle first and foremost. When it’s minus we have the added issue of stalling out the sails and killing the little speed we have. First trimming building block is this.  

Add the laying down crew style to the chart ",,,,
ZiC3aJ8FRZ2z.JUDs73Kbw,1WV1ysxSTga66JIYvRHycg,vlTNteyCRm6-hOs.YN5HeQ,"3/6/2025, 1:20:17 p. m.",Thessaloniki,SW 225º,DT 4-8,DT 5-8,,,flat,"2 ft, 4ft tight main R2 and R3",0,0,0,0,"1,3","1,2",3,top,1.5,B,"In boat: 
-launch comms (good or bad, need comm!)
-moments around the course to use the bow in more 
     These shouldn’t be a surprise to me if I’m tracking well… 
-Ian working on comms when finding mode in changing conditions (R2 L2)
-seems like safety right when 230-240 and at 210, the story is different… 


**Training**
Gybing in light winds
- Pop the battens with body more to windward, windward foot on wing, more leverage
- Pump/flatten more forward on the wing (canoe mode) to keep kite nicely engaged
- Rotate kite super early if possible especially when doing a lay down gybe (mega-light)

Starting in light winds
- Focus more on crunching up on the boat to windward, rather than rolling the boat to leeward
- The boat to leeward will take care of itself once you have establishing your lane later on in light winds, can't force the roll
- Look for a late maneuver to windward
- Engage foils and flow (almost race mode) when taking a big double tack on port
- Mega-light winds is usually Ian weight on flatten, as I will have mainsail work to keep on

Upwind technique in Greece (flat water / light air)
- More steady boat trim
- Lead with the mainsail to make mode change moves, since there is nothing to slow the boat down like chop doing the small body pumps does not seem as effective and rather it might mess with the flow",Unstable sea breeze (open),,,
6gj7-1cUTKWIVUbRf2tcNA,TZIHUNn7QWSX2bhJOyMu2Q,vlTNteyCRm6-hOs.YN5HeQ,"3/6/2025, 1:24:21 p. m.",Thessaloniki,SW 225º,DT 4-8,DT 5-8,,,flat,"2ft, 4ft tight main R2,3",0,0,0,0,"1,3","1,2",3,top,1.5,B,"Story: 230-240 seems to be safety right (almost start and tack). As the wind backs, the story gets weird and potentially a pressure bonus course left (not congruent with DW gains)
In boat:
-Communication on launch (good and bad moments!)
-Missing moments to utilize the bow in around the course
      If I’m tracking the race well, these shouldn’t be a surprise… 
-Ian comms when finding the mode in changing conditions (R2 L1?) 


- Wind left of 210º watch the left, wind right of 215º watch the right
- Course is almost always open, though.  Very unstable these light seabreezes
	- Stay alert and always be willing to reevaluate a new plan even when it all seems obvious
	- I have gotten a bit too comfortable when things look like they will be all good and simple and missed a new change
- Stay positive, stay positive, next move, next move","One side favored,Unstable sea breeze (open)",,,
h4Q4Fiu1TtyRej-fvxHPBg,RFnhqq8oT4GF.AegbDzT5w,vlTNteyCRm6-hOs.YN5HeQ,"6/6/2025, 4:53:40 a. m.",Thessaloniki,"S 180º,SW 225º","ST 0-3,DT 4-8","ST 0-4,DT 5-8",,,flat,Light and unstable… ,0,"-1,0",0,0,"2,3","0,1",3,top,1.5,B,"Seemed like there was some sort of current or flow making it hard to stay on the line for the entirety of the pre start. The pin waiting position is about a boat length further away from the pin than I seem to expect.  

-comms when finding VMG around the course

Day 3 Notes (Klaus)
- Stay aware of wind condition to make changes in the set up
- Settings
	- Working the wing (-2+1)
	- Working into the hull (-4+2)
	- Double trap (base)
- Gybing when we are both trapezing, don’t kill the heeling when popping the battens cause then we only have to wait to develop to double trap
- Better to pop just the two from bellow and sync to hit together
- “High mode” acceleration to lock the boat as soon as possible with the main",Unstable sea breeze (open),,,
oX1iUi6rRNa6GM5JvhcVMw,mKtOaEmcSnitZgk523crOw,vlTNteyCRm6-hOs.YN5HeQ,"6/6/2025, 6:29:25 p. m.",Thessaloniki,"S 180º,SW 225º",DT 4-8,DT 5-8,,,flat,0-2ft,0,0,0,0,2,"0,1",3,top,1.5,B,"Base seems to be 6 kts+… working on finding a half minus.

Day 4 Notes
- Make sure we are all the way to the pressure on our side before we tack early or gybe early.
- Downwind moding
	- When developing a higher faster mode in lighter airs:
	- Keep Ian forward on the skate grip part of front wing
	- Work my weight aft and then out to edge of wing
	- Once developed on the edge of wing try to stay there by doing some micro driving to keep my weight up
- Upwind I would say we are still missing our higher/faster mode (ofcouse would be nice).  Ideas we are trying in lighter airs:
	- An  in-between setting between base and the full drifter set up. (-2+1). I think this feels nice and is a bit forgiving. 
	- Jib set up still elusive.  Kiwis going middle hole and higher on jib and really nice high mode, maybe a slightly flatter twister jib is better?  Maybe the top hole is just too deep in some parts for how light and flat water it is.",,Right to left?,,
yd5.IjpJRse6wQRLn1NvKw,igRjLoy5TxmFoHNDk0JkLQ,vlTNteyCRm6-hOs.YN5HeQ,"7/6/2025, 4:22:32 p. m.",Thessaloniki,"SW 225º,W 270º",DT 4-8,DT 5-8,,,flat,"0-2ft, 4ft tight main","0,1,2","-1,0","0,0.5",0,"1,2","1,2,3",3,top,1.5,A,"URU mode DW 

Ian needs to utilize shoulders more upwind to keep the boat tracking 

Would love to work on tight laylines up wind (doubles at the pin) to iron out the moves with a last minute shoot.",,,,
ILevkurdTkC2WMX15EFbvw,y7MRjERVRDyaxIGEKVMU5g,vlTNteyCRm6-hOs.YN5HeQ,"10/6/2025, 7:08:13 a. m.",Thessaloniki,"S 180º,SW 225º","DT 4-8,FP 9-12","DT 5-8,FP 9-11",,,flat,4ft tight main,0,-1,0,0,2,1,3,top,1.5,Medal Race (A),"Day 5 Notes
Seems like a gain to be taking our *slightly flatter* setup higher in the wind range.  Gives us more range on trimming and movement I think.  Will this work in more seastate?  I am not sure.
Need to develop a batten tuning system in Long Beach.  How do we measure and when do we change?

When gybing in super light air pop from further forward on wing as it gives nice depth to the spinnaker for some reason.
We started to doing tacks where Nevin takes main more, no drama, but what is our overall thinking here?  Happy with the change or should we find ways to make the Ian pass the main style easier?

Medal Race
We can always do this.
I think 10 boat race Nathan start mode is almost always better.  There is almost always a lot of room.  Can fake people into thinking you are doing a Sime start and fighting blind and the sneak away to open space later.",One side favored,,,
aij-wxJ5SMajKhDgtSq7NA,KtFz49w0R.qYfCqyXd-80g,vlTNteyCRm6-hOs.YN5HeQ,"5/7/2025, 12:16:25 p. m.",Long Beach,SW 225º,DP 13-18,DP 12-18,,,chop,steady sea breeze,"4,8,12","-1.5,-1","-1,0","2,3","3,4",1,4,middle,3,ABYC,"Challenge will be semi choppy Chinese mode…. 
Worked on figure 8’s to get back into the habit.  ",One side favored,Westerly current,,
kf4FQQOFQoaN2fFab2Fk3w,awwH8LNPTrOGyevAvheZ.w,vlTNteyCRm6-hOs.YN5HeQ,"6/7/2025, 12:15:06 p. m.",Long Beach,SW 225º,"FP 9-12,DP 13-18","FP 9-11,DP 12-18",,,swell,Keel boat mode… Chinese ,0,"0,0.5","-0.5,0","0,3",4,1,3,"middle,top","4,3.5,3",Outside break water,"Challenging sea state outside of the break wall. One set of waves was offset left of the TWD maybe ~200*. With the wave offset, any header on starboard was really easy to keep the speed in th waves.  ",One side favored,,,
MK1ewM7dSL-aqRhbcjo7fQ,0ruEFg-5TAuopbnyd506gg,vlTNteyCRm6-hOs.YN5HeQ,"9/7/2025, 11:54:37 a. m.",Long Beach,SW 225º,DP 13-18,DP 12-18,,,swell,open main,"8,14","-2,-1.5",-1,"2,3",4,1,4,middle,4,outside Break water,"Raced 3 one lappers with CHN. Strong course left, but boat was a handful with both the main and the jib very deep and powerful. Need to read the Hyeres notes to refresh our technique and tuning. The obvious one is looser lowers… ",One side favored,"yes, but don’t know number",,
3Tylwm8iT96tIX6o2QVEiA,1OLjqMUmQ3m7OFkk7XaRxQ,vlTNteyCRm6-hOs.YN5HeQ,"9/7/2025, 12:03:54 p. m.",Long Becah,SW 225º,DP 13-18,DP 12-18,,,swell,Open main with waves,"10,15,17","-4.5,-3.5,-3",-1,"1,2",4,1,4,top,1,Outside breakwater,"Sailed solo with looser lowers than previous day. This put us close to the regular tuning guide (12mm PB @22 tension) and the boat was much easier to sail on VMG. Big difference was the frequency that the boat picked up to +2 heel. The boat goes well when puff+lifts pick the boat up a bit, but nothing more.  
We tried top hole til proper mid teens yesterday with the tack at 0.5. No relevant boats to test with, but the sensation was balanced and we were able to reaccelerate the boat when needed.  

Messed around with tacking technique in the waves. Some attempts to cross the boat quick, like the gybes. ",,,,
ocrpX2F2Q7iM0.YB.heGEQ,2jcYTA8uRw-VnPQinwF8GQ,vlTNteyCRm6-hOs.YN5HeQ,"10/7/2025, 12:31:29 p. m.",Long Beach,SW 225º,DP 13-18,DP 12-18,,,swell,Wavy open main… strong at end,"10,15,18","-5,-4",-1,"1,3",4,1,4,"middle,top","1.5,0",505,"Tack technique, can exit normal and then shoot back 
Important comms in limit upwind mode from me to Nev on when to press (area to work! Simple words)
Cunningham for DW (5 on the marks got good reviews today)

5 on Cunningham dw",,,,
oaOlahPUT0y7Zx9XPoKXIg,YzynvAs2QJihivBZzp.EPw,vlTNteyCRm6-hOs.YN5HeQ,"11/7/2025, 12:45:39 p. m.",Long Beach,SW 225º,"DT 4-8,FP 9-12","DT 5-8,FP 9-11",,,swell,"Wavy, 4ft tight main… but limit","0,2,5","-2,-1.5,0","-1,0","0,1",4,"1,2",3,top,"+5,4",505/outside breakwater ,"Lighter than previous days, never getting to open main. Working on platform stability. Don’t have the exact wave heading, but felt like port was closer to perpendicular vs starboard. If we get a similar day, I would like to push on helping call a “no higher” and also my body and mainsheet coordination, with both of those finally linked to Nev and I’s coordination. Once we have the speed up, main can be static, but I think there is some fine trimming moments on the acceleration that will help squirt the boat forward. Critical for the rudder to not go light when these eases occur, but the pressure releases a little. On the sail set up, I propose we maintain an open head with the ability to grind it into straight via the main. That has worked well for moi in the past. I might have needed to raise the bridle to 3 and am open to adjusting the combo for the bottom panel, since it was very deep.  

DW, kite can be quicker to switch and hopefully help us accelerate sooner. We seem dynamic with the bodies, which is great! I might have been a bit too far back in some moments DW… will workshop. ",,,,
zaNmBp38SaKvVGfb4nUIZg,YzynvAs2QJihivBZzp.EPw,vlTNteyCRm6-hOs.YN5HeQ,"12/7/2025, 1:08:34 p. m.",Long Beach ,S 180º,DT 4-8,DT 5-8,,,chop,unstable ocean,0,"-8,-6,-2","0,0.5",0,"0,1","0,1",3,top,"4.5,4,3",Outside oil rig,"Tight battens: would like to try in 9-11, thinking specifically in a condition where twisting off the head is less critical to the re acceleration cycle. 

Good gains respecting the current in the last few races. 

Some more technique to wring out upwind waves. Coordination with mainsheet and shoulders will help counteract the wave. I need to be a little more dynamic from the front end with my shoulders.   ","One side favored,Unstable sea breeze (open)",Strong current from San Pedro,,
znOPWCHpSmGjxrlDLLakJQ,XWhFgD0LTna1bewLont3ig,sIY5BybFSMa.UrJYdtwAbQ,"13/7/2025, 3:41:06 a. m.",Long Beach,SW 225º,DT 4-8,DT 5-8,,,swell,,0,"-6,-2","0,0.5",0,0,1,3,top,4.5,Seal Beach,"We felt haply to use base -2 in the lowers for 5 to 7knts

",One side favored,SW current,0,0
muv2aj.gSfypEOjzauoeDA,aV.2H7zFT.OtZh1-JjqloQ,sIY5BybFSMa.UrJYdtwAbQ,"15/7/2025, 2:13:51 a. m.",,,,,,,,,,,,,,,,,,,"Nev was proposing to deepower a bit more earlier in our tuning guide
So more turns on a bit earlier
",,,,
i7CF1WunS0OM4mB4qrxABw,ipwkoz6zRhys9atSNmMh0w,sIY5BybFSMa.UrJYdtwAbQ,"15/7/2025, 11:30:39 p. m.",,,,,,,,,,,,,,,,,,,"Feels like the jib we used (the one from Palma) has lots of return up on the leech
Tryed to trim it very loose on the leech to help it twist but doesn’t look that good",,,,
TvUqEbhCRJyH7oL5CP8lJw,kLclZgwPQ1m8WDCiBEzZEg,sIY5BybFSMa.UrJYdtwAbQ,"18/7/2025, 8:24:28 p. m.",ABYC,SW 225º,FP 9-12,FP 9-11,,,chop,4ft tight main to open main.  ,"0,10","-2,0","-0.5,0",0,4,"1,2","3,4",top,"4.5,2.5,2",Alamitos,"Next time we can try asymmetric caps
Maybe base on stb and -0.5 on port
Maybe car 3 on stb 

Port: upwind surfing
Stb: side swell from leeward, still brainstorming but usually best to not drive too high when boat loads. Instead accelerate. This needs to be coordinated with the main and tuning… ",,,"4,5","4,3"
cSJF0iHVQZWjKjyPXuiS.Q,vEJo-kl0RWyUKa9n3zsHxQ,vlTNteyCRm6-hOs.YN5HeQ,"19/7/2025, 11:15:05 a. m.",Long Beach,SW 225º,DP 13-18,DP 12-18,,,chop,open main to strong… can be depowered on sails ,"16,18","-5,-3.5",-1,"1,2",4,"0,1",4,top,1.5,Alamitos,"DW: toggle trap height and pacing with the “handbrake” in tricky conditions.
",Unstable sea breeze (open),Minimal drift…,,
GUPxfcuhRWuh76ExPoRbHg,1eXg69q8SZKFxLm0Smf6Rw,sIY5BybFSMa.UrJYdtwAbQ,"19/7/2025, 10:31:33 p. m.",,"S 180º,SW 225º",DT 4-8,DT 5-8,,,"flat,chop",Speed and tactics getting to close to the top mark,,-2,,,,,,top,+5,Inside the break water,,"Side favored and winning lanes,Unstable sea breeze (open)",,,
Ek53.J6eQXaKygPYwzqUqQ,e6yKZcIgS0ebZq2dYUGs1Q,vlTNteyCRm6-hOs.YN5HeQ,"25/7/2025, 10:20:13 p. m.",LA,SW 225º,DP 13-18,DP 12-18,,,swell,"Open main, ease grip on starboard laylines ",17,-5,-1,3,4,1,4,top,"4.5,2",breakwater outside ,"Will try different cap pins from tack to tack 
Technique from port to starboard w/chop on starboard bow. ",One side favored,Current pushing downwind ,,
7Hzzi-PHSa6XhhooZ0Axpg,HVudr28vS1-IYYi..rhGvQ,vlTNteyCRm6-hOs.YN5HeQ,"27/7/2025, 1:10:37 p. m.",LA,"SW 225º,W 270º",DP 13-18,DP 12-18,,,chop,"Chop on bow starboard, surfing port UW","17,21","-4,-3","1,1.5",3,4,"1,2","4,5",top,"-2,-4",Outside breakwater,AUT style is very light rudder helm with active mainsail. Their main focus is about accelerating in the pressure. We made an effort to handle the puffs on starboard with an intention to keep the platform extremely flat. This was partially accomplished with quicker main eases on impact. ,,260*/1.7knots ,,
358Zhp5TRwSvYENOSqnLvg,sNHXVvGpSWWxhUkRGjG2-Q,vlTNteyCRm6-hOs.YN5HeQ,"27/7/2025, 9:52:11 p. m.",LA,SW 225º,"FP 9-12,DP 13-18","FP 9-11,DP 12-18",,,swell,"4ft tight main with left skew waves, eventually puffs of open main and swell on the port bow. ","4,6,12","-1.5,0","0,1","0,1,3",4,"0,1","3,4","middle,top","2,0,-1,-2",San Pedro ,"Sensation on starboard was improved in the full press conditions, but the AUT were way off comfort so hard to judge. Big wander in the wind. Almost 20* further right at the top, if not 30*. Swell parallel to the shore is established in San Pedro as well. Lots of current changes around the harbor openings.  Very safety right inside for the 2 short laps. ",,"Lighter than yesterday, but dynamic.  Need to get numbers from Luca.  ",,
VwzU5-qkQH2R8mNLb69Rsw,9zUxRHDDRlWjsYj48SKEnA,vlTNteyCRm6-hOs.YN5HeQ,"28/7/2025, 11:44:18 p. m.",Long Beach ,"S 180º,SW 225º","DT 4-8,FP 9-12","DT 5-8,FP 9-11",,,swell,"Klaus mode and keel boat mode with swell, pressure and angle variable.  Some tests had changes of 15*","0,1","-5,0,1",0,0,4,"0,1",3,top,"3,2",Outside/San Pedro ,Tried +1 on lowers in 7-9 knots. We were able to pull vang to 3 without flattening the bottom panel. Nice to see this for potentially challenging conditions. Will have to double check if this maintained head control. ,,Luca… I will get better about this!,,
moCY9gwnSLm5yJAbu7nz2g,gJnpGlirQeCIPCDhtAeDpA,vlTNteyCRm6-hOs.YN5HeQ,"30/7/2025, 10:41:52 p. m.",Long Beach ,SW 225º,"FP 9-12,DP 13-18","FP 9-11,DP 12-18",,,chop,,,,,,,,,,,Outside breakwater til second entrance ,"Outhaul can be tighter once we choose Austrian mode 
Possibly quicker to depower the main on the whole and board up to accompany that? I think jib and board charts we need to keep working on. 

Technique tips: Ian needs to trim the boat to keep the boat unloaded consistently. The obvious here seems to be a quicker ease.    The Austrians go quite well and a major difference is the main trimming style. This should come together with a setup that is “easy” to sail (flat and twisty). One critical thing to figure out is what actually accelerated the boat in this mode? If the main is very twist there shouldn’t need to be a whole lot of mainsheet ease that leads to acceleration. The ease should keep the boat tracking correctly, so Ian needs to work on giving “pressing” calls before the boat actually slows down. Since the main is twisty, a small ease can accompany a rudder press and the boat should accelerate. If we are already on angle I would assume a jib reset when the puff comes on is a big tool to keep the boat tracking on the line.  ",,Lots of current due to Tsunami ,,
HcxjrzF4RuGxUYeRlp-Ipg,NQLuwpo-QteiYmLAikVfvA,vlTNteyCRm6-hOs.YN5HeQ,"31/7/2025, 11:32:07 p. m.",Long Beach,"S 180º,SW 225º","DT 4-8,FP 9-12","DT 5-8,FP 9-11",,,swell,"4ft open main, swell offset left. ","0,10","-2,1",1,"0,1",4,"1,2","3,4",top,"2.5,0,-1.5",Outside breakwater. ,To do: work on coordination when boat is out of tune to get the best out of the boat. ,,Strong and dynamic tide. ,,
f2kr2lS6QHeiocmNvHJ0vQ,MZkCH92oSZaQdLQQ1LBdRg,vlTNteyCRm6-hOs.YN5HeQ,"22/8/2025, 2:00:58 p. m.",,NE 45º,"OP 19-22,S +23","OP 19-23, S 24+",,,chop,Strong/survivor ,26,"-7,-6","-1,-0.5","4,5",4,"1,2",5,middle,"-4,-4.5",,"Goal: consistency of the VMG mode upwind. (Avoiding getting knocked off)
       Slow=slide
Try track 4…, with max jib low
Crucial to not follow the depower stabs with the main. As we know, the main does not need to move unless the angle is changing.  This conditions is mostly jib and rudder dependent. Crew needs to push on helpful comms regarding the breeze and helping to keep the bow near the VMG target 

Pre start: boat needs to accelerate before we do anything. Important to not relay too much on a tight jib. This can really fuck up the balance. 

Consider both to board during capsize and then move.  ",,,,
ErKwjpgFTXCnSLuhGKVb1w,Zzxh7POGRZ-fhYj-bh.qcQ,sIY5BybFSMa.UrJYdtwAbQ,"23/8/2025, 4:32:51 p. m.",Gorge ,E 90º,S +23,OP 19-23,,,flat,,"22,24","-5,-4",-1,4,4,1,"4,5",middle,"-3,-4",Cascade locks ,"Pre start maneuvering… ways to mitigate side slip.  Flow forward or backwards.  

Lean into Nev on straight line and bareaways downwind. 

Top 3 battens worked well with the Cunningham today.  ",,Downwind flow,4,1
5VevnEEpQSeMApBn3OE4DA,BplpC3HMS8y9nQKTnXTIag,sIY5BybFSMa.UrJYdtwAbQ,"24/8/2025, 7:10:16 p. m.",Gorge ,W 270º,"DT 4-8,FP 9-12","FP 9-11 ,DP 12-18",,,flat,,6,"-2,0",0,0,"2,3",1,3,top,"2,1.5,0",Cascade Locks ,,,Flowing upwind ,0,5
J7PhDj9wTwuPgZppH7rDZg,afVWVpxkQPu3ljeibGOu.Q,sIY5BybFSMa.UrJYdtwAbQ,"25/8/2025, 9:51:00 p. m.",,,FP 9-12,FP 9-11,,,flat,,,,,,,,,,,,,,,,
1BFxT26OSWSDWYg51Cupmw,z.VW9o48SX2KFjLaEzs6jg,vlTNteyCRm6-hOs.YN5HeQ,"10/9/2025, 2:08:03 p. m.",Cagliari ,"W 270º,NW 315º",,"ST 0-4,DT 5-8",,,flat,Shifty and patchy. Skipper could handle weight most of the day. ,"-2,0,6","-4,-2,0","-1,0",0,2,"0,2",3,top,"2,1.5,0",A,Sail test (M J 325),Offshore playing the shifts and gusts,Flow from ~350 (180* to the waves),,
3O0FWRzhRw2Tq1FBTrNLPw,G4RBTZd5T0eNKMUPiMSr7g,vlTNteyCRm6-hOs.YN5HeQ,"13/9/2025, 4:35:18 a. m.",Cagliari ,"N 0º,NW 315º",,"DT 5-8,FP 9-11,DP 12-18",,,chop,"Dirty, incomplete in the middle sometimes","10,15","-3,-2","0.5,1","1,2",3,1,4,top,"0,-0.5,-1",B ,"Flat at top mark, but choppy at bottom.  
325 suit looking good. Needs to be stitched. Edges were strong, but there was opportunity to slightly short tack sometimes. Pressure moving slower than previous day. ",,,,
bwMOuWYDRjS-r2S94gHy-w,LlkXOw8uRWG-xTIAILGkbw,vlTNteyCRm6-hOs.YN5HeQ,"13/9/2025, 2:14:14 p. m.",Cagliari ,S 180º,,"DT 5-8,FP 9-11",,,chop,,"0,2,6,8","-2,-1.5,-1,0","0,0.5","0,1",4,"1,2","3,4",top,"1,0,-0.5,-1.5",N/A,"Starboard run Cunningham and apparent wind comms/driving.  
    -critical focus is on leech telltales and the colored jib telltale. 

DW 
Hans mode DW
0 on vang with tight sheet was very effective through the waves.  ",,,,
0qu3ngNTQ8mnP3XvXpwWLQ,S4SO9qRNTLaoZKmvfTt-gA,pOIJawgCRnSTct2LpGPoig,"15/9/2025, 7:11:00 a. m.",,,,,,,,Chop and 5-8kts,0,0,0,,,,,top,,,,One side favored,,,
Vpxp.EEnSHOKqjLJXXuPyg,YjhgSAkVTseV5syNPtfD9Q,sIY5BybFSMa.UrJYdtwAbQ,"15/9/2025, 5:38:08 p. m.",,SW 225º,,FP 9-11,,,chop,,7,-1.5,0,1,,,,top,,,"Toggle up in the trap so we have an easier way to drive the boat with the chop and being able to play a bit more with the bow 

Not pulling the jib so hard seemed to be good",Unstable sea breeze (open),,,
jJAdVffQSUCk-OuRNPoy7w,iM4t5cITSEOemR5mNHKJgQ,vlTNteyCRm6-hOs.YN5HeQ,"18/9/2025, 4:01:11 a. m.",Cagliari ,NW 315º,,"DP 12-18,OP 19-23",,,flat,,"20,22,24","-5,-3","-0.5,0.5","2,3",4,"1,2","4,5",middle,"-1,-1.5",B,"Track 5 and cap -0.5 down were the critical changes in the 18knots and up. Cap gives lots of stability and in +20, stability is one of the big factors of upwind speed.  ",Offshore corners,,,
Yfvd.yu-TZ2b1X1nW4L6CQ,sz4bd3UgSqGilkg1lTDXBQ,vlTNteyCRm6-hOs.YN5HeQ,"19/9/2025, 2:49:26 a. m.",Cagliari ,,,DT 5-8,,,flat,,"0,1",0,0,0,3,1,3,top,1,,Playing with apparent wind on the DW. Need to work on my transition from the hull to the wire. Speed differences require a good amount of intensity! ,,,,
fkXBFMuIQW2Tw4W70h9EMw,6bdS1sOWTsWYtPUgVV.pqQ,vlTNteyCRm6-hOs.YN5HeQ,"29/9/2025, 2:14:33 p. m.",Cagliari ,S 180º,,"DT 5-8,FP 9-11 ",,,flat,,"0,5",-1,0,0,3,1,"3,4",top,"1,0,5,0",A,"“Apparent wind” mode and gybes on DW.  
We were very efficient with our exit angle on the gybes, which helped us keep the platform flat and hook up quickly. Workshopping a bit the lulls to see if we need to speed the turn up or trail the turn slightly with the bodies. 

Critical to “accelerate on the line” 

Reminder on flat water tuning/mode options.  ",,,,
F6ES3m.DS021fY7qnnWkdA,a.oZPUrxNTs-oi8UiApWn0Q,vlTNteyCRm6-hOs.YN5HeQ,"1/10/2025, 1:03:37 p. m.",,S 180º,,"DT 5-8,FP 9-11 ",,,chop,,0,-1,0,0,3,2,3,top,1,,"Situation on port with Oman R3

DW, consider the larger strategic picture out of corners. Especially on a day like today where being on VMG can be huge, keep the boat rumbling if fact checking agrees. ",,,,
8GOLv3KFRvC8hZuv46U-CQ,5.EokoWcQUC2bF6rw9krzQ,vlTNteyCRm6-hOs.YN5HeQ,"1/10/2025, 1:06:13 p. m.",,NW 315º,,DP 12-18,,,flat,,"11,15,16","-4,-3.5,-3","-0.5,0.5","1,2,3",4,2,4,top,-3,,,Offshore corners,,,
b6ReQTnfRaaoaa5.uH2LVw,AecNB-mhRDynhDliEJvZGA,vlTNteyCRm6-hOs.YN5HeQ,"2/10/2025, 1:00:00 p. m.",Cagliari,NW 315º,,DP 12-18,,,chop,,"11,14",-3,0,2,4,2,4,middle,"1,0",A?,"Did a good job using waves to cross the course during lull sections UW. 
Comms on crosses can happen earlier and the big upgrade I need to make is utilizing “stronger” and “weaker” to describe the cross.  

Miss on r1 regarding start safety. Low intensity from me on that. 

Good comms from Nev regarding battle with Belgium. No notes. Bad reaction from me to good comms.  ",Offshore playing the shifts and gusts,,,
TGGjIm72TxSGmA8tSQwnlw,xvPowS6PSLGjXbWrlDJXag,sIY5BybFSMa.UrJYdtwAbQ,"6/10/2025, 4:55:42 p. m.",,NW 315º,,,,,,,,,,,,,,,,,,Offshore playing the shifts and gusts,,,
h0NUyzV0SleVZ.AOFSPv5w,IAgS.KhDRYO-ahvfvaBhSA,vlTNteyCRm6-hOs.YN5HeQ,"7/10/2025, 4:41:33 p. m.",Cagliari ,S 180º,,"FP 9-11 ,DP 12-18",,,chop,,"4,6,10","-2,-1",0,"0,1,2",3,2,"3,4",top,"0,-0.5",B ,"perpendicular port, 45* starboard UW 
Can try asymmetric set ups, with more twisty main and powerful bottom of jib on port.  

Double tack in pre start 16-20 seconds to go. 
10-25 seconds is a critical moment.  ",,,,
p5CGTNptSbaVNvhdMn-0bg,8D3IpYvgSzOojIw5JMixtg,vlTNteyCRm6-hOs.YN5HeQ,"9/10/2025, 1:57:31 p. m.",Cagliari ,SW 225º,,"DT 5-8,FP 9-11 ",,,flat,,"1,3,8","-2,-0.5,0","-1,0","0,1","0,2","1,2","3,4",top,"1.5,0,5,0",A,"Full press technique, utilize the knuckle out in pressure to then build.  

Comms, comms, comms to keep the day mellow and out develop the fleet. ",,,,
jmIyPBsGScS37k71mMPAdg,HaEgJvF.RjCXq-HAtWOIvQ,vlTNteyCRm6-hOs.YN5HeQ,"10/10/2025, 4:10:05 p. m.",Cagliari ,"NE 45º,SE 135º",,"ST 0-4,DP 12-18",,,chop,,"1,12,15","-2,-1,0",0,"0,2","2,4",2,"3,4",top,"1.5,-1.5",A,New base with cap at 18 ,,,,
MYkdLPAnQNCaT0UXnbOVsA,bnQ7ZNYjSvaEBGqz83veNA,sIY5BybFSMa.UrJYdtwAbQ,"21/10/2025, 9:05:08 a. m.",,,,DT 5-8,,,flat,,"0,1",0,0,0,3,1,3,top,,,Playing with apparent wind on the DW. Need to work on my transition from the hull to the wire. Speed differences require a good amount of intensity!,,,,
8GcxNoxJT3-3j1AUu5gBVA,J-AK6DMKQjC9qO0BjU7TXw,sIY5BybFSMa.UrJYdtwAbQ,"21/10/2025, 9:15:29 a. m.",Cagliari,NW 315º,,"DP 12-18,OP 19-23",,,flat,,"20,22,24","-5,-3","-0.5,0.5","2,3",4,"1,2","4,5",middle,"-1,-1.5",B,"Track 5 and cap -0.5 down were the critical changes in the 18knots and up. Cap gives lots of stability and in +20, stability is one of the big factors of upwind speed.  ",Offshore corners,,,
6.PXJjzBQF2Jm4-lvEMbGQ,jZJl5kumQZCPKxTStYPsfg,sIY5BybFSMa.UrJYdtwAbQ,"26/11/2025, 11:05:18 a. m.",,SE 135º,,DP 12-18,,,,,14,-3,0,1,,,4,,,,,,,,
bsjQTnn8RsG0jjmXbX0ROQ,xvPowS6PSLGjXbWrlDJXag,vlTNteyCRm6-hOs.YN5HeQ,"3/1/2026, 7:50:06 p. m.",San Isidro ,"S 180º,SW 225º",,FP 9-11 ,,,flat,Unstable/high frequency shifts,8,-2,0,0,4,,"3,4",top,,,"Consider using Cunningham to cover off both sides of the big shifts.  (Big ease and big trim to match breeze) 
80/20 head out 
Hard to keep the kite pulling on the DW’s in the light moments or the lifts. Moments for big eases are great with lifts and puffs. ",Offshore playing the shifts and gusts,Very strong south to north ,,
HSNToDAZTsGcynA8JVAnXg,2OQrq0QxSbyrIIe-zZVNYw,sIY5BybFSMa.UrJYdtwAbQ,"3/1/2026, 10:30:07 p. m.",,SW 225º,,FP 9-11 ,,,flat,,,,,,,,,,,,Controls anticipation was key!,Offshore playing the shifts and gusts,,,
ZoPI0KkJRJ-KTBe1zb2wcQ,KfuiLI-rRZmhECiOk9m-Sg,sIY5BybFSMa.UrJYdtwAbQ,"5/1/2026, 8:53:57 p. m.",,"E 90º,SE 135º",,"DT 5-8,FP 9-11 ",,,,,,,,,,,,,,,,,,,
PSEdypaTQO-d4y4zq01shQ,y4Yr2pWLSry8UHoIMt8VzA,sIY5BybFSMa.UrJYdtwAbQ,"5/1/2026, 8:54:09 p. m.",,,,DT 5-8,,,,,,,,,,,,,,,,,,,
746jHWd8Q4GqaZFmAmZvUA,YtZH88lFTDWkVB8Qt2CfFQ,sIY5BybFSMa.UrJYdtwAbQ,"5/1/2026, 8:55:43 p. m.",,,,"DT 5-8,FP 9-11 ",,,,,,,,,,,,,,,,Offshore playing the shifts and gusts,,,
3HpyTYhCSH65.SeRCP-hqA,QOHLNGXDQ9Wj5YEPjzNPEg,sIY5BybFSMa.UrJYdtwAbQ,"7/1/2026, 12:54:38 p. m.",,NE 45º,,DP 12-18,,,chop,,,,,,,,,,,,,,,,
0lotzWHMSkGxKm-Dp-.jng,mBdKBEpKSD6Y2Bpt.RH3Ew,sIY5BybFSMa.UrJYdtwAbQ,"8/1/2026, 2:57:43 p. m.",,E 90º,,"DP 12-18,OP 19-23",,,,,,,,,,,,,,,,,,,
3Dt.Fj4fTeeo86SweDTAhw,HQrAY26TQHKdVESqEkf3LA,sIY5BybFSMa.UrJYdtwAbQ,"8/1/2026, 3:02:07 p. m.",,NE 45º,,DP 12-18,,,chop,,,,,,,,,,,,,,,,
bSzEkSFnRFKICiquQh-hng,so9DBkENTuCzg7E1IamZJg,sIY5BybFSMa.UrJYdtwAbQ,"9/1/2026, 10:20:23 p. m.",,SE 135º,,"OP 19-23,S 24+",,,,,,,,,,,,,,,,,,,
G9Cj6P-aSJq7t843HSR5rg,6fsuYAU4RdyCG4n9t6KuNg,vlTNteyCRm6-hOs.YN5HeQ,"22/1/2026, 4:26:12 p. m.",Torbay,W 270º,,"OP 19-23,S 24+",,,flat,Strong to survivor ,24,-5,-1,4,4,2,5,middle,0,,"Blew up kite so only 2 sail DW 
Comms upwind pressure first. 
Active comms into bareaway when survivor as moments are rare.  ",Offshore playing the shifts and gusts,,,
K-jL3b1ESN2i79p.CLAqWA,EeprQg6xRluXYvgfrD7ASg,vlTNteyCRm6-hOs.YN5HeQ,"23/1/2026, 5:08:33 p. m.",AKL,W 270º,,"DP 12-18,OP 19-23",,,flat,Unstable high frequency shifts,"18,24","-4.5,-4","-1,0","3,5",4,2,5,middle,,Torbay,,Offshore playing the shifts and gusts,,,
STINWGfuRlutLJTD-9LL0g,EeprQg6xRluXYvgfrD7ASg,vlTNteyCRm6-hOs.YN5HeQ,"26/1/2026, 3:55:37 a. m.",AKL,SW 225º,,DP 12-18,,,flat,Dirty offshore ,"16,18","-4,-3",0,"1,3",4,1,4,"middle,top","3,1.5",Torbay ,"TOD, possibly need to cross when we can.  
Comms regarding when the main is bubbling and how we can trim the job relative to that. 

Extra: tack exit comms, able to adapt the mainsheet for the exits as needed.  “quick hook up” or “light out” (not picky on the words)",Offshore playing the shifts and gusts,,,
OxT.1bz3SIybHyIgV9czsg,Hv0ztBoDS1OPCWyzm3rENw,sIY5BybFSMa.UrJYdtwAbQ,"26/1/2026, 6:41:46 p. m.",,SW 225º,,DP 12-18,,,chop,Offshore,,,,,,,,,,,We tryed the mast a bit straighter at the end,Offshore playing the shifts and gusts,,,
rURZZvGfSre5epNOMyzhCA,57kvas1DThG4Nsu-xl0q2Q,vlTNteyCRm6-hOs.YN5HeQ,"27/1/2026, 1:35:44 a. m.",AKL,SW 225º,,"DT 5-8,FP 9-11 ",,,flat,,"0,1","-2,0",0,0,0,0,3,top,0,Torbay B,"Some moments to sail 0 to +1 on the upwind.  
R3, poor start comm from me re:ducking boats

How to be the snake…",Offshore corners,,,
Q9wspA1VQe-apE.oJiW-KA,aWcFrsQCRiyFavQQbiUHOQ,sIY5BybFSMa.UrJYdtwAbQ,"28/1/2026, 2:06:48 a. m.",AKL,NE 45º,,"DT 5-8,FP 9-11 ",,,flat,2ft…4ft tight main… open main ,"0,5","-1.5,-0.5,0",0,"0,1","1,2","0,1",3,top,,B torbay,"Twisty jib helps on holding good power on the main and easier boat to get on breathing after transitions


",,"Yes, but didn’t get a reading","1,4",5
BFgE1bsrSb2HyyPB.R-Dtw,a4wcPsxpT2GH.Wf.8mG-KQ,vlTNteyCRm6-hOs.YN5HeQ,"29/1/2026, 12:11:06 a. m.",AKL,NE 45º,,DT 5-8,,,flat,2ft ,0,"-1,-0.5","0,0.5",0,0,"0,1",3,top,,Torbay A ,"Outhaul could have been 2 
+0.5 in the cap was good. Can try 0.5 more
Jib a bit more powerful worked well",,040* ,,
QQ1QG8cnT.ylq8k7Hil0.g,o0CJ8alxQyugRD5P4u.U9A,vlTNteyCRm6-hOs.YN5HeQ,"30/1/2026, 12:13:09 a. m.",,"E 90º,SE 135º",,DT 5-8,,,flat,4ft tight main,"0,2","-1,0","-1,0",0,"1,2","1,2",3,top,,,"Add turns to top 3 battens 

Kiwis still running middle hole and high…

Potential mode, kiss of vang, less trap and a touch of leeward heel… expand with boys ",Unstable sea breeze (open),,,
gi0w8ABWTFOk60OIGeL61Q,jw.VNAl4Q3abd49CX1hxSw,vlTNteyCRm6-hOs.YN5HeQ,"31/1/2026, 3:58:40 a. m.",AKL,NE 45º,,DT 5-8,,,chop,2ft… 4ft tight main if solid ,0,"-1,-0.5,0",0,0,2,1,3,"middle,top",,Torbay course A,,Unstable sea breeze (open),N/A,,
6DNqoUF5Su6jp2xduVTY-g,jw.VNAl4Q3abd49CX1hxSw,vlTNteyCRm6-hOs.YN5HeQ,"1/2/2026, 2:23:26 a. m.",AKL,"NE 45º,E 90º,SE 135º",,DT 5-8,,,flat,0-2ft,"0,1",-3,"-0.5,0",0,1,1,3,top,,A,,"One side favored,Unstable sea breeze (open)",South to north?,,
GdflMZa7Qiq.AYRDZe2hLQ,a-UdlFimpRxm1ZkUgIP.6iw,sIY5BybFSMa.UrJYdtwAbQ,"2/2/2026, 7:28:01 p. m.",,,,,,,,,,,,,,,,,,,"In 5 to 7 knts, try a flatter main. Maybe 2cm pre end and keep the tensions

When the boat is in numbers, try the pitch a bit aft (UW and DW)

In the accelerations, hit a bit more being hooked and when the boat is getting flatter, trim the main hard

The default in the heel, is allways nev to come first in
",,,,
hv6RwCQlSZ-x1jQjzQCeQA,a.LY6KBF-SgGQEAPtb9Ajbw,sIY5BybFSMa.UrJYdtwAbQ,"2/2/2026, 11:41:55 p. m.",,W 270º,,"DP 12-18,OP 19-23",,,flat,,,,,,,,,,,,,Offshore playing the shifts and gusts,,,
iglsAAfPRr6JIzbzHCwZ2Q,fQ3yMmH-ReuoegeHkR8kaw,sIY5BybFSMa.UrJYdtwAbQ,"5/2/2026, 6:57:05 a. m.",,N 0º,,ST 0-4,,,flat,,3,-8,0.5,,,,,middle,,,Trying flatter sails,Unstable sea breeze (open),,,
4GPDzU5FTxWPvBZQLgRqUw,AsKwtC7bRLuLa4jb7N9zcA,vlTNteyCRm6-hOs.YN5HeQ,"6/2/2026, 2:33:46 a. m.",AKL,SW 225º,,"FP 9-11 ,DP 12-18",,,chop,Open main ,"8,9,12","-3,-2.5","0.5,1",2,4,"0,1",4,top,,Torbay B,,Offshore playing the shifts and gusts,~190*,,
g1QMsZ31RBm5hiDw0WWHyA,L.tnTOMISPu2E48fHGxv9w,sIY5BybFSMa.UrJYdtwAbQ,"6/2/2026, 9:47:04 p. m.",,"SE 135º,S 180º",,DP 12-18,,,chop,,,,,,,,,,,,,Offshore playing the shifts and gusts,,,
u7VNpHeEQu6U0eIKM-kX9Q,Sw0lrVzdQnupkazYW1UjIQ,pOIJawgCRnSTct2LpGPoig,"19/2/2026, 3:34:59 p. m.",,SE 135º,,,,,,Estable en aumento ,14,-4,-1,2,,,,,,,,Offshore corners,,,
CzpZOAqwSDqOtbENYVrlCg,dnCrNv6NQ5KzAeMKSvdn7Q,pOIJawgCRnSTct2LpGPoig,"19/2/2026, 3:36:37 p. m.",,,,,,,,,14,-3,-1,2,,,,,,,,,,,
ASi90tE4Qo-8OxTkEEdQkg,aslKr868QN-uBRM6R8KGhg,pOIJawgCRnSTct2LpGPoig,"21/2/2026, 8:15:55 p. m.",,SE 135º,,OP 19-23,,,chop,,24,-4,-1,3,,,,,,,,,,,
hkuK0fFjS52N3M9.EHc5jQ,NMoS918rQjCBiYa29dZABA,pOIJawgCRnSTct2LpGPoig,"3/3/2026, 4:02:34 p. m.",,,,OP 19-23,,,chop,Shifty,24,-5.5,-1,3,,,5,,,,,Offshore playing the shifts and gusts,,,
bIx.rX.cSPOszNXHa8rz7w,HOd2Du9RRKSoUPNWZw-ojw,vlTNteyCRm6-hOs.YN5HeQ,"4/3/2026, 2:59:54 p. m.",Arenal ,"N 0º,NE 45º",,DP 12-18,,,flat,Unstable/high frequency shifts ,"20,24","-7,-6,-5","1,2","2,3",4,"1,2",4,middle,,A?,Caps up/cunningham 2-0 created windsurf feeling on last upwind.  ,Offshore playing the shifts and gusts,,,
dV5Cn-xjQXGrB.rMRBQlqw,0fnNcfxfQQuGaIi69v-9zw,pOIJawgCRnSTct2LpGPoig,"4/3/2026, 7:02:34 p. m.",,,,OP 19-23,,,,,24,"-5,-1.5",,,,,,,,,,,,,
E0Y2vkVnReSiAUF1ryKSSQ,MaERPYwBTT-BE.1WFNE3Gw,vlTNteyCRm6-hOs.YN5HeQ,"5/3/2026, 1:16:11 p. m.",Arenal ,"E 90º,SE 135º",,"DT 5-8,FP 9-11 ,DP 12-18",,,swell,Unstable/high frequency shifts ,"4,12,15","-3,-2,-1","-1,1","0,2",4,"1,2","3,4","middle,top",,A,"DW, taking care of not getting too low in the VMG range. Careful with the bow too in. Specialized tool.  
UW, wave angle and how to handle the wave. 2 parts: catch+surf
Prestart, swell note&late double tack priorities (space or pivot?)",Offshore corners,Lots of drift?,,
lxUPue7RT6C8s8g62plQWQ,MaERPYwBTT-BE.1WFNE3Gw,vlTNteyCRm6-hOs.YN5HeQ,"6/3/2026, 4:14:21 p. m.",Arenal ,SE 135º,,"FP 9-11 ,DP 12-18",,,swell,Unstable/high frequency shifts ,"2,6,8,10,16","-6,-2,-1,0","0,1","0,1",4,,"3,4",middle,,A,"Breezy enough to be 100% controls at go (feel agrees with this) 
Still difficult to hold windward, but managed will by being patient and waiting for our moment. (Comment about watching the leeward boat to quickly match any downs if in tight spot.  

-on average closer to the line in the last 20 seconds. Need to work on how to keep calm during those moments.  ",Offshore corners,,,
wTKogHc0RguAMkIp7iXPrA,a.kJSHh1zSC-iDJxeRXQMKA,vlTNteyCRm6-hOs.YN5HeQ,"6/3/2026, 5:48:21 p. m.",Arenal ,SE 135º,,"FP 9-11 ,DP 12-18",,,swell,Unstable/high frequency shifts,"2,8,15","-6,-2,0","0,1","0,1",4,,"3,4",middle,,A,"When windy enough, controls can and need to be 100%. Remember Flo lesson from 2024.  
Moments to trust the pitch (surfing waves so very fast) and Ian can use subtle trimming to manipulate mode.  ",Offshore corners,,,
63kDsGAwQkGksf0c-qWvpQ,QiyITn8ZQVW9STE2bFqLIQ,pOIJawgCRnSTct2LpGPoig,"7/3/2026, 6:07:36 a. m.",,,,DT 5-8,,,,,2,-3,1,,,,,,,,,,,,
sIo3eWBSRk-prnTFJDpYwg,4QgOVY.SR4qhTLLOMLBDcw,vlTNteyCRm6-hOs.YN5HeQ,"10/3/2026, 2:56:39 p. m.",Arenal ,"SW 225º,W 270º",,"ST 0-4,DT 5-8",,,flat,Unstable/high frequency shifts ,,,,,,,,,,C?,"Notes from the sub 8 knot tuning. We left the session trying to figure out if it’s possible to cover the jump from underpowered to full power.  

March 10 base update 
Pins p9, c4.5
Tensions c19.5
P 29
L 18
F27.5
Pb 11
Turns 
P 02
L 16

Kiwi style 
P+3
L-8
Cap -1
PB 40mm 
C,P,F stay the same in this set up but lowers way loose and mast characteristics 


1/2 kiwi (cap doing too much. Need to go base or -0.5
P1.5
L-4
C-1
PB 25mm
C too tight at -1, which means lowers are engaged more as well. Potentially allowing vang. 


Try L -4 and +1 on primaries cap down 1


P3, L3 cap should be -0.5
Pb 22
F29
P30.5
L18
C20?",,,,
zxkoOy5bRqCdNcwRdyNnVg,KfW35qqvStWAkc8Gqh18Mg,pOIJawgCRnSTct2LpGPoig,"12/3/2026, 5:02:08 p. m.",,,,ST 0-4,,,,,0,-3,0,,,,,,,,,,,,
lRfHkWmUQIOQ0pZeQivnvw,4QgOVY.SR4qhTLLOMLBDcw,vlTNteyCRm6-hOs.YN5HeQ,"13/3/2026, 7:19:11 p. m.",S’arenal ,SW 225º,,DT 5-8,,,swell,,"0,1","-1,0,1",0,0,0,2,3,top,,2,"Jib tack ended at 6.5
Differential between swell and the chop on top. (Chop may demand quick body) 
Nice work hooking up on starboard DW consistently. Never got too low&slow
",Unstable sea breeze (open),,,
PDhKtT1SSkqWrPHixhNCxQ,4QgOVY.SR4qhTLLOMLBDcw,vlTNteyCRm6-hOs.YN5HeQ,"13/3/2026, 7:21:14 p. m.",S’arenal ,SW 225º,,DT 5-8,,,swell,,"0,1","-1,0,1",0,0,2,2,3,top,,2,"Tack ended at 7.5 
Hooked up well on starboard DW (perpendicular wave) and never got low&slow. 
Body weight speed differences between swell and the chop on top.  (Moments to be quick out and in) 
",Side favored and winning lanes,,,
zMAqCnMlQe2lhPe0CuG1Vg,a-lWJSVb0SaOejFzgnhT9rg,vlTNteyCRm6-hOs.YN5HeQ,"14/3/2026, 4:32:52 p. m.",S’arenal ,NW 315º,,"FP 9-11 ,DP 12-18",,,swell,,"4,10,15","-3.5,-1,1","1,2","0,1",4,1,4,top,,1,"Tack height 4.5…4
Used the waves very well. Two places to polish are the gybes from port to starboard and the ability to maximize the surf on port UW.  
Asymmetric cap waspowerful! Cap higher on the surfing side. ","Offshore corners,Offshore playing the shifts and gusts",,,
SeWbPREzTQCQXzJnNHIeow,L--De2FzRPmvpeSbxDMZfw,pOIJawgCRnSTct2LpGPoig,"15/3/2026, 10:48:05 a. m.",,,,"ST 0-4,DT 5-8",,,,,0,0,0,,,,,,,,,,,,
RcyMr5EeRnuRKnAtDqW0Dw,zHCj6NOOQm-BKIma8tj7vg,pOIJawgCRnSTct2LpGPoig,"15/3/2026, 3:41:25 p. m.",,,,DP 12-18,,,swell,,10,-2,0,,,,,,,,,Unstable sea breeze (open),,,
JhxfCQ54QBev7gcdpvZgaw,qx.dKdSCQKqYL1zGXUmWvg,pOIJawgCRnSTct2LpGPoig,"22/3/2026, 5:17:22 a. m.",,,,DT 5-8,,,flat,,0,0,0,,,,,,1.5,,,One side favored,,,
17a828gxSC2VBeV3DUVqPQ,B7riHqEtTP2Rk0uH01bZBQ,pOIJawgCRnSTct2LpGPoig,"22/3/2026, 5:22:00 a. m.",,,,"FP 9-11 ,DP 12-18",,,swell,,14,-4,-1,1,,,4,,0,,,,,,
XFZES16bQ-S9vpEJ8beYBg,m66zmlcdRLuytYJ6tCCl0w,pOIJawgCRnSTct2LpGPoig,"22/3/2026, 5:30:07 a. m.",,,,"DT 5-8,FP 9-11 ",,,flat,,4,0,0,,,,,,,,,,,,
2Lt6JIA3SFSBJTQvZGW5Mg,rF1yfeGcTROX7Y5dITVlVw,pOIJawgCRnSTct2LpGPoig,"22/3/2026, 2:39:18 p. m.",,,,FP 9-11 ,,,,,4,0,,,,,3,,1.5,,,,,,
UjNWdF-lS0iCjmKuhqY.qg,AtR95A5uTPSO1aQqKLgrdw,pOIJawgCRnSTct2LpGPoig,"23/3/2026, 12:19:28 p. m.",,,,DP 12-18,,,flat,,18,-3,-1,3,,,,,-2,,,,,,
LOFXlKTXTmGoYQgKNcohTQ,BfY5kd6QROGLQWr58Vke7Q,sIY5BybFSMa.UrJYdtwAbQ,"25/3/2026, 6:30:14 p. m.",S’arenal,SW 225º,,FP 9-11 ,,,chop,4ft tight main ,"4,6","0,1","-0.5,0",0,3,0,4,top,,,"We can try in this main(425) a bendier base. 20cm to try to flatten it out a bit. 
Jib felt better as we got it down in the tack

Jib tack, 6…5.5…5…
Fore/aft… easy to pass to too draggy in transition. ",,,"3,4","5,4"
RdqDMNs5T7qicG6g7FgKHA,rrbTQeYlRCG4vsPY8WX1Ig,vlTNteyCRm6-hOs.YN5HeQ,"26/3/2026, 10:03:21 a. m.",S’arenal ,NE 45º,,DP 12-18,,,flat,,"14,18","-3,-2","0,1","0,1,2",4,0,4,"middle,top",,1,"Connection between slot. Vang position and jib height discussion.  
",Offshore playing the shifts and gusts,,,
7bv9OT5AQXKIB9DN336NZQ,60w.rftUSXahKi8xHaTmMw,pOIJawgCRnSTct2LpGPoig,"26/3/2026, 3:22:33 p. m.",,,,DP 12-18,,,flat,,,-3,-1,,,,,,,,,Offshore corners,,,
Vq2PqusRT66J27hmThmrcw,tlKC6g6aRQqn0pBFC8eXjA,vlTNteyCRm6-hOs.YN5HeQ,"30/3/2026, 12:38:44 p. m.",S’arenal ,"N 0º,NE 45º,W 270º",,"DT 5-8,FP 9-11 ,DP 12-18",,,chop,,"0,10,16,18","-2,-1,0","0,1","0,1,2",3,"0,2","3,4",top,,"2,3","Tack height 2…2.7…3.8
Sailed with the 20PB base.  Felt like half kiwi in the light stuff for R3.  
In sub 9 knots looking to spin top 3 battens off a little to aid gybes.  

Good upgrade on our tack ability. Boat was flowing out of most of them. Close by still looking for a little bit on the gybes as well.  ","Offshore corners,Offshore playing the shifts and gusts",,,
KL0r8iRnRzqYua.I-6la9w,9wJi6g7KQP6Ki-2n0cxIMw,vlTNteyCRm6-hOs.YN5HeQ,"31/3/2026, 11:58:56 a. m.",S’arenal ,NE 45º,,"FP 9-11 ,DP 12-18",,,swell,,"10,12,16","-2,-1",1,"0,1",4,1,4,top,,3,"Tack height 3…3.5 
    Very happy with this. Able to trim when we wanted and not backing the slot too much. 

To work, the OCS bail at go. Have done a great job, but would like to get some reps in it when windy.  Might be a dead end skill…

",Offshore playing the shifts and gusts,,,
RGl7BzsbSH6-fU5lq1Nvmg,rp10u7JcQ9O1C6KVhvuarw,pOIJawgCRnSTct2LpGPoig,"1/4/2026, 7:00:06 p. m.",,N 0º,,"ST 0-4,DT 5-8,FP 9-11 ",,,chop,,8,-2,0,0,,,3,,1.5,,,Offshore corners,,,
QcX4ZqtoST6.z71ZUH3v5Q,7fO6q53cTam3SGWd-o7qwg,pOIJawgCRnSTct2LpGPoig,"1/4/2026, 7:08:35 p. m.",,N 0º,,DP 12-18,,,chop,,18,-4,-1,2,,,,,,,,,,,
WNnZoS4aQ1G9qThxfV53Xg,cs8GSGywSaipckkPXCflyA,pOIJawgCRnSTct2LpGPoig,"1/4/2026, 7:12:57 p. m.",,,,DP 12-18,,,"chop,swell",,18,-3,1,2,,,4,,-1.5,,,Side favored and winning lanes,,,
3a-PkymiQkq.kTLcAdjuwQ,YqLztcRMSZaSjdhciWHYwA,sIY5BybFSMa.UrJYdtwAbQ,"1/4/2026, 7:14:32 p. m.",,SW 225º,,DT 5-8,,,swell,,2,-1,0,0,,,3,top,,,,Unstable sea breeze (open),,,
onjKsmY8RbODh-n7fJFhDw,ZP.pcZciSyOc2Vf2GhzHbQ,vlTNteyCRm6-hOs.YN5HeQ,"2/4/2026, 1:44:36 p. m.",S’arenal ,"N 0º,NW 315º",,"DT 5-8,FP 9-11 ,DP 12-18",,,chop,,"5,12,18","-3,-2,-1",1,"0,1",3,"0,1",4,top,,2,"Jib tack 3…4
Missed jib hal on R1","Offshore corners,Offshore playing the shifts and gusts",,,
xqAT9CorSBKVcejCkm57ng,ZP.pcZciSyOc2Vf2GhzHbQ,sIY5BybFSMa.UrJYdtwAbQ,"2/4/2026, 6:35:16 p. m.",,"N 0º,NE 45º,NW 315º",,"FP 9-11 ,DP 12-18",,,,,,,,,,,,,,,,,,,
DTnIEflOQZitA.nMWNv6JA,lf5a.gBLT0SMsyev3CE7lQ,vlTNteyCRm6-hOs.YN5HeQ,"3/4/2026, 12:30:54 p. m.",S’arenal ,"NE 45º,SW 225º",,DP 12-18,,,chop,,16,"-3.5,-3","0.5,1","0,1,2",3,"0,1",4,top,,2,"Tack lowest 2.5…
R2 start (Ian comms)","Unstable sea breeze (open),Offshore playing the shifts and gusts",,,
a-aKmbjnuRY2HraFZlFa39Q,rZTSWLGSQUKNHyyETyE.Uw,pOIJawgCRnSTct2LpGPoig,"3/4/2026, 11:43:50 p. m.",,,,OP 19-23,,,swell,,24,-6,"-1,-0.5","3,4",,,5,top,-2.5,,,Steady/lanes and edges,,0,